id,stream,action_date,fiscal_year,case_number,subject_as_published,company,provisions,provisions_as_published,penalty_amount,press_release_url,source_url
"shitauke-2026-07-24-0183","shitauke","2026-07-24","2026","","イリソ電子工業株式会社","イリソ電子工業株式会社","第4条第2項第3号","旧下請法第4条第2項第3号（不当な経済上の利益の提供要請の禁止）","","https://www.jftc.go.jp/houdou/pressrelease/2026/jul/260724_irisodenshi.html","https://www.jftc.go.jp/toriteki/toritekikankoku/R8FYkankoku.html"
"shitauke-2026-07-21-0184","shitauke","2026-07-21","2026","","ＨＯＹＡ株式会社","ＨＯＹＡ株式会社","第4条第2項第3号","旧下請法第4条第2項第3号（不当な経済上の利益の提供要請の禁止）","","https://www.jftc.go.jp/houdou/pressrelease/2026/jul/260721_hoya.html","https://www.jftc.go.jp/toriteki/toritekikankoku/R8FYkankoku.html"
"shitauke-2026-07-17-0185","shitauke","2026-07-17","2026","","ダイヤモンド電機株式会社","ダイヤモンド電機株式会社","第4条第2項第3号","旧下請法第4条第2項第3号（不当な経済上の利益の提供要請の禁止）","","https://www.jftc.go.jp/houdou/pressrelease/2026/jul/260717_chugoku_toriteki.html","https://www.jftc.go.jp/toriteki/toritekikankoku/R8FYkankoku.html"
"shitauke-2026-07-16-0186","shitauke","2026-07-16","2026","","天龍工業株式会社","天龍工業株式会社","第4条第1項第3号 / 第4条第2項第3号","(1)旧下請法第4条第1項第3号（下請代金の減額の禁止）(2)旧下請法第4条第2項第3号（不当な経済上の利益の提供要請の禁止）","","https://www.jftc.go.jp/houdou/pressrelease/2026/jul/260716_chubu_toriteki_tenryu.html","https://www.jftc.go.jp/toriteki/toritekikankoku/R8FYkankoku.html"
"shitauke-2026-07-10-0187","shitauke","2026-07-10","2026","","ミネベアアクセスソリューションズ株式会社","ミネベアアクセスソリューションズ株式会社","第4条第2項第3号","(1)旧下請法第4条第2項第3号（不当な経済上の利益の提供要請の禁止） (2) 取適法第５条第２項第２号（不当な経済上の利益の提供要請の禁止）","","https://www.jftc.go.jp/houdou/pressrelease/2026/jul/260710_kyuusyuu_toriteki.html","https://www.jftc.go.jp/toriteki/toritekikankoku/R8FYkankoku.html"
"shitauke-2026-07-09-0188","shitauke","2026-07-09","2026","","株式会社タダノ","株式会社タダノ","第4条第2項第3号","旧下請法第4条第2項第3号（不当な経済上の利益の提供要請の禁止）","","https://www.jftc.go.jp/houdou/pressrelease/2026/jul/260709_shikoku_toriteki.html","https://www.jftc.go.jp/toriteki/toritekikankoku/R8FYkankoku.html"
"shitauke-2026-07-08-0189","shitauke","2026-07-08","2026","","株式会社ノーリツ","株式会社ノーリツ","第4条第2項第3号","旧下請法第4条第2項第3号（不当な経済上の利益の提供要請の禁止）","","https://www.jftc.go.jp/houdou/pressrelease/2026/jul/260708_kinki_toriteki.html","https://www.jftc.go.jp/toriteki/toritekikankoku/R8FYkankoku.html"
"shitauke-2026-06-26-0190","shitauke","2026-06-26","2026","","株式会社ダイヘン","株式会社ダイヘン","第4条第2項第3号","旧下請法第4条第2項第3号（不当な経済上の利益の提供要請の禁止）","","https://www.jftc.go.jp/houdou/pressrelease/2026/jun/260626_kinki_toriteki.html","https://www.jftc.go.jp/toriteki/toritekikankoku/R8FYkankoku.html"
"shitauke-2026-06-23-0191","shitauke","2026-06-23","2026","","ＹＫＫ株式会社","ＹＫＫ株式会社","第4条第1項第5号","旧下請法第4条第1項第5号 （買いたたきの禁止）","","https://www.jftc.go.jp/houdou/pressrelease/2026/jun/260623_ykk.html","https://www.jftc.go.jp/toriteki/toritekikankoku/R8FYkankoku.html"
"shitauke-2026-06-16-0192","shitauke","2026-06-16","2026","","アルプスアルパイン株式会社","アルプスアルパイン株式会社","第4条第1項第5号","旧下請法第4条第1項第5号 （買いたたきの禁止）","","https://www.jftc.go.jp/houdou/pressrelease/2026/jun/260616_alpsalpine.html","https://www.jftc.go.jp/toriteki/toritekikankoku/R8FYkankoku.html"
"shitauke-2026-06-04-0193","shitauke","2026-06-04","2026","","株式会社ホンダ茨城南","株式会社ホンダ茨城南","第4条第2項第3号","旧下請法第4条第2項第3号 （不当な経済上の利益の提供要請の禁止）","","https://www.jftc.go.jp/houdou/pressrelease/2026/jun/260604_hondacars-ibarakiminami.html","https://www.jftc.go.jp/toriteki/toritekikankoku/R8FYkankoku.html"
"shitauke-2026-05-12-0194","shitauke","2026-05-12","2026","","琉球倉庫運輸株式会社","琉球倉庫運輸株式会社","第4条第1項第3号","旧下請法第4条第1項第3号 （下請代金の減額の禁止）","","https://www.jftc.go.jp/houdou/pressrelease/2026/may/260512_ryukyusoukounyu.html","https://www.jftc.go.jp/toriteki/toritekikankoku/R8FYkankoku.html"
"shitauke-2026-03-30-0195","shitauke","2026-03-30","2025","","矢崎部品株式会社","矢崎部品株式会社","第4条第2項第3号","旧下請法第4条第2項第3号 （不当な経済上の利益の提供要請の禁止）","","","https://www.jftc.go.jp/toriteki/toritekikankoku/R7FYkankoku.html"
"shitauke-2026-03-26-0196","shitauke","2026-03-26","2025","","徳島トヨタ自動車株式会社","徳島トヨタ自動車株式会社","第4条第2項第3号","旧下請法第4条第2項第3号 （不当な経済上の利益の提供要請の禁止）","","","https://www.jftc.go.jp/toriteki/toritekikankoku/R7FYkankoku.html"
"shitauke-2026-03-24-0197","shitauke","2026-03-24","2025","","富士通フロンテック株式会社","富士通フロンテック株式会社","第4条第2項第3号","旧下請法第4条第2項第3号 （不当な経済上の利益の提供要請の禁止）","","","https://www.jftc.go.jp/toriteki/toritekikankoku/R7FYkankoku.html"
"shitauke-2026-03-17-0198","shitauke","2026-03-17","2025","","株式会社松尾製作所","株式会社松尾製作所","第4条第2項第3号","旧下請法第4条第2項第3号 （不当な経済上の利益の提供要請の禁止）","","","https://www.jftc.go.jp/toriteki/toritekikankoku/R7FYkankoku.html"
"shitauke-2026-03-13-0199","shitauke","2026-03-13","2025","","日本トーカンパッケージ株式会社","日本トーカンパッケージ株式会社","第4条第2項第3号","旧下請法第4条第2項第3号 （不当な経済上の利益の提供要請の禁止）","","","https://www.jftc.go.jp/toriteki/toritekikankoku/R7FYkankoku.html"
"shitauke-2026-03-10-0202","shitauke","2026-03-10","2025","","ＹＫＫ ＡＰ株式会社","ＹＫＫ ＡＰ株式会社","第4条第2項第3号","旧下請法第4条第2項第3号 （不当な経済上の利益の提供要請の禁止）","","","https://www.jftc.go.jp/toriteki/toritekikankoku/R7FYkankoku.html"
"shitauke-2026-03-10-0201","shitauke","2026-03-10","2025","","株式会社ＹＫＫ ＡＰ沖縄","株式会社ＹＫＫ ＡＰ沖縄","第4条第2項第3号","旧下請法第4条第2項第3号 （不当な経済上の利益の提供要請の禁止）","","","https://www.jftc.go.jp/toriteki/toritekikankoku/R7FYkankoku.html"
"shitauke-2026-03-10-0200","shitauke","2026-03-10","2025","","琉球ＹＫＫ ＡＰ工業株式会社","琉球ＹＫＫ ＡＰ工業株式会社","第4条第2項第3号","旧下請法第4条第2項第3号 （不当な経済上の利益の提供要請の禁止）","","","https://www.jftc.go.jp/toriteki/toritekikankoku/R7FYkankoku.html"
"shitauke-2026-02-24-0203","shitauke","2026-02-24","2025","","株式会社ティラド","株式会社ティラド","第4条第2項第3号","旧下請法第4条第2項第3号 （不当な経済上の利益の提供要請の禁止）","","","https://www.jftc.go.jp/toriteki/toritekikankoku/R7FYkankoku.html"
"shitauke-2026-02-20-0204","shitauke","2026-02-20","2025","","日産東京販売株式会社","日産東京販売株式会社","第4条第2項第3号","旧下請法第4条第2項第3号 （不当な経済上の利益の提供要請の禁止）","","","https://www.jftc.go.jp/toriteki/toritekikankoku/R7FYkankoku.html"
"shitauke-2026-02-02-0205","shitauke","2026-02-02","2025","","株式会社長登屋","株式会社長登屋","第4条第1項第3号","旧下請法第4条第1項第3号 （下請代金の減額の禁止）","","","https://www.jftc.go.jp/toriteki/toritekikankoku/R7FYkankoku.html"
"shitauke-2026-01-15-0207","shitauke","2026-01-15","2025","","東芝産業機器システム株式会社","東芝産業機器システム株式会社","第4条第2項第3号","旧下請法第4条第2項第3号 （不当な経済上の利益の提供要請の禁止）","","","https://www.jftc.go.jp/toriteki/toritekikankoku/R7FYkankoku.html"
"shitauke-2026-01-15-0206","shitauke","2026-01-15","2025","","東芝ホクト電子株式会社","東芝ホクト電子株式会社","第4条第2項第3号","旧下請法第4条第2項第3号 （不当な経済上の利益の提供要請の禁止）","","","https://www.jftc.go.jp/toriteki/toritekikankoku/R7FYkankoku.html"
"dk-2025-12-25-0015","dk","2025-12-25","2025","7(認)5","㈱ロピア","㈱ロピア","19条 / 2条","19条(2条9項5号)","","","https://www.jftc.go.jp/dk/ichiran/dkhaijo_R7.html"
"shitauke-2025-12-24-0208","shitauke","2025-12-24","2025","","東洋電装株式会社","東洋電装株式会社","第4条第1項第4号 / 第4条第2項第3号","第4条第1項第4号（返品の禁止） 第4条第2項第3号（不当な経済上の利益の提供要請の禁止）","","","https://www.jftc.go.jp/toriteki/toritekikankoku/R7FYkankoku.html"
"dk-2025-12-19-0011","dk","2025-12-19","2025","7(措)15","地方公共団体等が発注する東海旅客鉄道株式会社が管理する線路の跨線橋点検業務における入札等の参加業者ら","地方公共団体等が発注する東海旅客鉄道株式会社が管理する線路の跨線橋点検業務における入札等の参加業者ら","3条後段","3条後段","","","https://www.jftc.go.jp/dk/ichiran/dkhaijo_R7.html"
"shitauke-2025-12-16-0209","shitauke","2025-12-16","2025","","株式会社マキタ","株式会社マキタ","第4条第2項第3号","第4条第2項第3号（不当な経済上の利益の提供要請の禁止）","","","https://www.jftc.go.jp/toriteki/toritekikankoku/R7FYkankoku.html"
"shitauke-2025-12-12-0210","shitauke","2025-12-12","2025","","センコー株式会社","センコー株式会社","第4条第2項第3号","第4条第2項第3号（不当な経済上の利益の提供要請の禁止）","","","https://www.jftc.go.jp/toriteki/toritekikankoku/R7FYkankoku.html"
"shitauke-2025-12-11-0211","shitauke","2025-12-11","2025","","杉本電機産業株式会社","杉本電機産業株式会社","第4条第1項第3号 / 第4条第1項第4号","第4条第1項第3号（下請代金の減額の禁止） 第4条第1項第4号（返品の禁止）","","","https://www.jftc.go.jp/toriteki/toritekikankoku/R7FYkankoku.html"
"shitauke-2025-12-08-0212","shitauke","2025-12-08","2025","","株式会社スニック","株式会社スニック","第4条第1項第5号 / 第4条第2項第3号","第4条第1項第5号（買いたたきの禁止） 第4条第2項第3号（不当な経済上の利益の提供要請の禁止）","","","https://www.jftc.go.jp/toriteki/toritekikankoku/R7FYkankoku.html"
"shitauke-2025-12-04-0213","shitauke","2025-12-04","2025","","南日本運輸倉庫株式会社","南日本運輸倉庫株式会社","第4条第1項第3号","第4条第1項第3号（下請代金の減額の禁止）","","","https://www.jftc.go.jp/toriteki/toritekikankoku/R7FYkankoku.html"
"shitauke-2025-11-27-0214","shitauke","2025-11-27","2025","","福岡ダイハツ販売株式会社","福岡ダイハツ販売株式会社","第4条第2項第3号","第4条第2項第3号（不当な経済上の利益の提供要請の禁止）","","","https://www.jftc.go.jp/toriteki/toritekikankoku/R7FYkankoku.html"
"dk-2025-11-26-0010","dk","2025-11-26","2025","7(措)14","長野県石油商業組合北信支部","","8条","8条1号","","","https://www.jftc.go.jp/dk/ichiran/dkhaijo_R7.html"
"shitauke-2025-11-13-0216","shitauke","2025-11-13","2025","","三菱ふそうトラック・バス株式会社","三菱ふそうトラック・バス株式会社","第4条第2項第3号","第4条第2項第3号（不当な経済上の利益の提供要請の禁止）","","","https://www.jftc.go.jp/toriteki/toritekikankoku/R7FYkankoku.html"
"shitauke-2025-11-13-0215","shitauke","2025-11-13","2025","","株式会社日幸電機製作所","株式会社日幸電機製作所","第4条第2項第3号","第4条第2項第3号（不当な経済上の利益の提供要請の禁止）","","","https://www.jftc.go.jp/toriteki/toritekikankoku/R7FYkankoku.html"
"shitauke-2025-10-31-0217","shitauke","2025-10-31","2025","","トヨタ自動車東日本株式会社","トヨタ自動車東日本株式会社","第4条第2項第3号","第4条第2項第3号（不当な経済上の利益の提供要請の禁止）","","","https://www.jftc.go.jp/toriteki/toritekikankoku/R7FYkankoku.html"
"shitauke-2025-10-09-0218","shitauke","2025-10-09","2025","","リョーノーファクトリー株式会社","リョーノーファクトリー株式会社","第4条第2項第3号","第4条第2項第3号（不当な経済上の利益の提供要請の禁止）","","","https://www.jftc.go.jp/toriteki/toritekikankoku/R7FYkankoku.html"
"shitauke-2025-09-29-0219","shitauke","2025-09-29","2025","","株式会社Ｏｌｙｍｐｉｃ","株式会社Ｏｌｙｍｐｉｃ","第4条第1項第3号","第4条第1項第3号 （下請代金の減額の禁止）","","","https://www.jftc.go.jp/toriteki/toritekikankoku/R7FYkankoku.html"
"dk-2025-09-24-0008","dk","2025-09-24","2025","7(措)12","トレーラの製造販売業者","","3条後段","3条後段","","","https://www.jftc.go.jp/dk/ichiran/dkhaijo_R7.html"
"dk-2025-09-24-0007","dk","2025-09-24","2025","7(措)11","特装車製品の製造販売業者","","3条後段","3条後段","","","https://www.jftc.go.jp/dk/ichiran/dkhaijo_R7.html"
"shitauke-2025-09-19-0220","shitauke","2025-09-19","2025","","株式会社ジェイテクト","株式会社ジェイテクト","第4条第1項第3号","第4条第1項第3号 （下請代金の減額の禁止）","","","https://www.jftc.go.jp/toriteki/toritekikankoku/R7FYkankoku.html"
"dk-2025-09-18-0009","dk","2025-09-18","2025","7(措)13","ハーレーダビッドソンジャパン㈱","ハーレーダビッドソンジャパン㈱","19条 / 2条","19条(2条9項5号)","","","https://www.jftc.go.jp/dk/ichiran/dkhaijo_R7.html"
"shitauke-2025-09-17-0221","shitauke","2025-09-17","2025","","株式会社シマノ","株式会社シマノ","第4条第2項第3号","第4条第2項第3号（不当な経済上の利益の提供要請の禁止）","","","https://www.jftc.go.jp/toriteki/toritekikankoku/R7FYkankoku.html"
"shitauke-2025-09-08-0222","shitauke","2025-09-08","2025","","株式会社ヨドバシカメラ","株式会社ヨドバシカメラ","第4条第1項第3号","第4条第1項第3号（下請代金の減額の禁止）","","","https://www.jftc.go.jp/toriteki/toritekikankoku/R7FYkankoku.html"
"dk-2025-09-05-0014","dk","2025-09-05","2025","7(認)4","㈱ニシムタ","㈱ニシムタ","19条 / 2条","19条(2条9項5号)","","","https://www.jftc.go.jp/dk/ichiran/dkhaijo_R7.html"
"shitauke-2025-08-07-0223","shitauke","2025-08-07","2025","","岩機ダイカスト工業株式会社","岩機ダイカスト工業株式会社","第4条第1項第4号","第4条第1項第4号（返品の禁止）","","","https://www.jftc.go.jp/toriteki/toritekikankoku/R7FYkankoku.html"
"dk-2025-08-06-0013","dk","2025-08-06","2025","7(認)3","㈱ダンロップタイヤ","㈱ダンロップタイヤ","19条 / 2条","19条(2条9項4号)","","","https://www.jftc.go.jp/dk/ichiran/dkhaijo_R7.html"
"shitauke-2025-07-29-0224","shitauke","2025-07-29","2025","","美里工業株式会社","美里工業株式会社","第4条第1項第4号 / 第4条第2項第3号","第4条第1項第4号（返品の禁止） 第4条第2項第3号（不当な経済上の利益の提供要請の禁止）","","","https://www.jftc.go.jp/toriteki/toritekikankoku/R7FYkankoku.html"
"shitauke-2025-07-24-0225","shitauke","2025-07-24","2025","","不二サッシ株式会社","不二サッシ株式会社","第4条第1項第4号 / 第4条第2項第3号","第4条第1項第4号（返品の禁止） 第4条第2項第3号（不当な経済上の利益の提供要請の禁止）","","","https://www.jftc.go.jp/toriteki/toritekikankoku/R7FYkankoku.html"
"dk-2025-07-22-0012","dk","2025-07-22","2025","7(認)2","ビザ・ワールドワイド・ピーティーイー・リミテッド","","19条 / 一般指定12項","19条(一般指定12項)","","","https://www.jftc.go.jp/dk/ichiran/dkhaijo_R7.html"
"shitauke-2025-07-16-0226","shitauke","2025-07-16","2025","","いづみ工業株式会社","いづみ工業株式会社","第4条第2項第3号","第4条第2項第3号（不当な経済上の利益の提供要請の禁止）","","","https://www.jftc.go.jp/toriteki/toritekikankoku/R7FYkankoku.html"
"shitauke-2025-07-15-0227","shitauke","2025-07-15","2025","","ＳＭＫ株式会社","ＳＭＫ株式会社","第4条第2項第3号","第4条第2項第3号（不当な経済上の利益の提供要請の禁止）","","","https://www.jftc.go.jp/toriteki/toritekikankoku/R7FYkankoku.html"
"dk-2025-06-23-0006","dk","2025-06-23","2025","7(措)10","（公財）東京オリンピック・パラリンピック競技大会組織委員会が発注する東京２０２０オリンピック・パラリンピック競技大会に関するテストイベント計画立案等業務等の入札参加等業者","","3条後段","3条後段","","","https://www.jftc.go.jp/dk/ichiran/dkhaijo_R7.html"
"dk-2025-05-14-0005","dk","2025-05-14","2025","7(措)9","食品ごまの製造販売業者","","3条後段","3条後段","","","https://www.jftc.go.jp/dk/ichiran/dkhaijo_R7.html"
"dk-2025-05-14-0004","dk","2025-05-14","2025","7(措)8","ごま油の製造販売業者","","3条後段","3条後段","","","https://www.jftc.go.jp/dk/ichiran/dkhaijo_R7.html"
"dk-2025-05-14-0003","dk","2025-05-14","2025","7(措)7","ごま油の製造販売業者","","3条後段","3条後段","","","https://www.jftc.go.jp/dk/ichiran/dkhaijo_R7.html"
"dk-2025-05-14-0002","dk","2025-05-14","2025","7(措)6","ごま油の製造販売業者","","3条後段","3条後段","","","https://www.jftc.go.jp/dk/ichiran/dkhaijo_R7.html"
"shitauke-2025-05-13-0228","shitauke","2025-05-13","2025","","日精樹脂工業株式会社","日精樹脂工業株式会社","第4条第2項第3号 / 第4条第2項第4号","第4条第2項第3号（不当な経済上の利益の提供要請の禁止） 第4条第2項第4号（不当な給付内容の変更及び不当なやり直しの禁止）","","","https://www.jftc.go.jp/toriteki/toritekikankoku/R7FYkankoku.html"
"shitauke-2025-05-09-0229","shitauke","2025-05-09","2025","","井関農機株式会社","井関農機株式会社","第4条第2項第3号","第4条第2項第3号（不当な経済上の利益の提供要請の禁止）","","","https://www.jftc.go.jp/toriteki/toritekikankoku/R7FYkankoku.html"
"shitauke-2025-04-24-0231","shitauke","2025-04-24","2025","","カヤバ株式会社","カヤバ株式会社","第4条第2項第3号","第4条第2項第3号（不当な経済上の利益の提供要請の禁止）","","","https://www.jftc.go.jp/toriteki/toritekikankoku/R7FYkankoku.html"
"shitauke-2025-04-24-0230","shitauke","2025-04-24","2025","","株式会社スズキ自販大分","株式会社スズキ自販大分","第4条第2項第3号","第4条第2項第3号（不当な経済上の利益の提供要請の禁止）","","","https://www.jftc.go.jp/toriteki/toritekikankoku/R7FYkankoku.html"
"shitauke-2025-04-21-0232","shitauke","2025-04-21","2025","","佐藤商事株式会社","佐藤商事株式会社","第4条第1項第4号","第4条第1項第4号（返品の禁止）","","","https://www.jftc.go.jp/toriteki/toritekikankoku/R7FYkankoku.html"
"shitauke-2025-04-17-0233","shitauke","2025-04-17","2025","","株式会社コロナ","株式会社コロナ","第4条第2項第3号","第4条第2項第3号（不当な経済上の利益の提供要請の禁止）","","","https://www.jftc.go.jp/toriteki/toritekikankoku/R7FYkankoku.html"
"dk-2025-04-15-0001","dk","2025-04-15","2025","7(措)5","Google LLC","Google LLC","19条 / 一般指定12項","19条(一般指定12項)","","","https://www.jftc.go.jp/dk/ichiran/dkhaijo_R7.html"
"shitauke-2025-03-27-0234","shitauke","2025-03-27","2024","","株式会社シャトレーゼ","株式会社シャトレーゼ","第4条第1項第1号 / 第4条第2項第3号","第4条第1項第1号（受領拒否の禁止） 第4条第2項第3号（不当な経済上の利益の提供要請の禁止）","","","https://www.jftc.go.jp/shitauke/shitaukekankoku/R6FYkankoku.html"
"dk-2025-03-24-0036","dk","2025-03-24","2024","7(措)4","機械式駐車装置メーカーら","","3条後段","3条後段","","","https://www.jftc.go.jp/dk/ichiran/dkhaijo_R6.html"
"dk-2025-03-24-0035","dk","2025-03-24","2024","7(措)3","機械式駐車装置メーカーら","","3条後段","3条後段","","","https://www.jftc.go.jp/dk/ichiran/dkhaijo_R6.html"
"shitauke-2025-03-19-0235","shitauke","2025-03-19","2024","","クノールブレムゼ商用車システムジャパン株式会社","クノールブレムゼ商用車システムジャパン株式会社","第4条第1項第3号","第4条第1項第3号（下請代金の減額の禁止）","","","https://www.jftc.go.jp/shitauke/shitaukekankoku/R6FYkankoku.html"
"dk-2025-03-13-0034","dk","2025-03-13","2024","7(措)2","（公社）山形県畜産協会が発注する動物用ワクチンの入札の参加業者","","3条後段","3条後段","","","https://www.jftc.go.jp/dk/ichiran/dkhaijo_R6.html"
"dk-2025-03-13-0033","dk","2025-03-13","2024","7(措)1","山形県が発注する豚熱ワクチンの入札等の参加業者","","3条後段","3条後段","","","https://www.jftc.go.jp/dk/ichiran/dkhaijo_R6.html"
"shitauke-2025-03-07-0236","shitauke","2025-03-07","2024","","株式会社フタバ九州","株式会社フタバ九州","第4条第2項第3号","第4条第2項第3号（不当な経済上の利益の提供要請の禁止）","","","https://www.jftc.go.jp/shitauke/shitaukekankoku/R6FYkankoku.html"
"shitauke-2025-03-06-0237","shitauke","2025-03-06","2024","","株式会社日本セレモニー","株式会社日本セレモニー","第4条第1項第6号","第4条第1項第6号（購入・利用強制の禁止）","","","https://www.jftc.go.jp/shitauke/shitaukekankoku/R6FYkankoku.html"
"shitauke-2025-02-28-0238","shitauke","2025-02-28","2024","","株式会社ビックカメラ","株式会社ビックカメラ","第4条第1項第3号","第4条第1項第3号（下請代金の減額の禁止）","","","https://www.jftc.go.jp/shitauke/shitaukekankoku/R6FYkankoku.html"
"shitauke-2025-02-20-0239","shitauke","2025-02-20","2024","","株式会社荏原製作所","株式会社荏原製作所","第4条第2項第3号","第 4 条第 2 項第 3 号（不当な経済上の利益の提供要請の禁止）","","","https://www.jftc.go.jp/shitauke/shitaukekankoku/R6FYkankoku.html"
"shitauke-2025-02-19-0240","shitauke","2025-02-19","2024","","フクシマガリレイ株式会社","フクシマガリレイ株式会社","第4条第1項第3号 / 第4条第2項第3号","第 4 条第 1 項第 3 号（下請代金の減額の禁止） 第 4 条第 2 項第 3 号（不当な経済上の利益の提供要請の禁止）","","","https://www.jftc.go.jp/shitauke/shitaukekankoku/R6FYkankoku.html"
"shitauke-2025-02-18-0242","shitauke","2025-02-18","2024","","中央発條株式会社","中央発條株式会社","第4条第2項第3号","第 4 条第 2 項第 3 号（不当な経済上の利益の提供要請の禁止）","","","https://www.jftc.go.jp/shitauke/shitaukekankoku/R6FYkankoku.html"
"shitauke-2025-02-18-0241","shitauke","2025-02-18","2024","","愛知機械工業株式会社","愛知機械工業株式会社","第4条第2項第3号","第 4 条第 2 項第 3 号（不当な経済上の利益の提供要請の禁止）","","","https://www.jftc.go.jp/shitauke/shitaukekankoku/R6FYkankoku.html"
"dk-2025-02-13-0039","dk","2025-02-13","2024","7(認)1","シスメックス㈱","シスメックス㈱","19条 / 一般指定10項","19条（一般指定10項）","","","https://www.jftc.go.jp/dk/ichiran/dkhaijo_R6.html"
"shitauke-2025-01-23-0243","shitauke","2025-01-23","2024","","東京ラヂエーター製造株式会社","東京ラヂエーター製造株式会社","第4条第2項第3号","第 4 条第 2 項第 3 号（不当な経済上の利益の提供要請の禁止）","","","https://www.jftc.go.jp/shitauke/shitaukekankoku/R6FYkankoku.html"
"dk-2024-12-24-0032","dk","2024-12-24","2024","6(措)20","㈱MCデータプラス","㈱MCデータプラス","19条 / 一般指定14項","19条（一般指定14項）","","","https://www.jftc.go.jp/dk/ichiran/dkhaijo_R6.html"
"dk-2024-12-19-0031","dk","2024-12-19","2024","6(措)19","㈱関家具","㈱関家具","19条 / 2条","19条（2条9項4号）","","","https://www.jftc.go.jp/dk/ichiran/dkhaijo_R6.html"
"dk-2024-12-12-0038","dk","2024-12-12","2024","6(認)4","橋本総業㈱","橋本総業㈱","19条","19条（物流特殊指定1項2号、3号及び6号）","","","https://www.jftc.go.jp/dk/ichiran/dkhaijo_R6.html"
"shitauke-2024-12-05-0244","shitauke","2024-12-05","2024","","電気興業株式会社","電気興業株式会社","第4条第2項第3号","第 4 条第 2 項第 3 号（不当な経済上の利益の提供要請の禁止）","","","https://www.jftc.go.jp/shitauke/shitaukekankoku/R6FYkankoku.html"
"shitauke-2024-11-21-0245","shitauke","2024-11-21","2024","","住友重機械ハイマテックス株式会社","住友重機械ハイマテックス株式会社","第4条第2項第3号","第 4 条第 2 項第 3 号（不当な経済上の利益の提供要請の禁止）","","","https://www.jftc.go.jp/shitauke/shitaukekankoku/R6FYkankoku.html"
"shitauke-2024-11-12-0246","shitauke","2024-11-12","2024","","株式会社ＫＡＤＯＫＡＷＡ及び株式会社ＫＡＤＯＫＡＷＡ ＬｉｆｅＤｅｓｉｇｎ","株式会社ＫＡＤＯＫＡＷＡ及び株式会社ＫＡＤＯＫＡＷＡ ＬｉｆｅＤｅｓｉｇｎ","第4条第1項第5号","第 4 条第 1 項第 5 号（買いたたきの禁止）","","","https://www.jftc.go.jp/shitauke/shitaukekankoku/R6FYkankoku.html"
"dk-2024-10-31-0030","dk","2024-10-31","2024","6(措)18","損害保険会社","","3条後段","3条後段","","","https://www.jftc.go.jp/dk/ichiran/dkhaijo_R6.html"
"dk-2024-10-31-0029","dk","2024-10-31","2024","6(措)17","損害保険会社","","3条後段","3条後段","","","https://www.jftc.go.jp/dk/ichiran/dkhaijo_R6.html"
"dk-2024-10-31-0028","dk","2024-10-31","2024","6(措)16","損害保険会社","","3条後段","3条後段","","","https://www.jftc.go.jp/dk/ichiran/dkhaijo_R6.html"
"dk-2024-10-31-0027","dk","2024-10-31","2024","6(措)15","損害保険会社","","3条後段","3条後段","","","https://www.jftc.go.jp/dk/ichiran/dkhaijo_R6.html"
"dk-2024-10-31-0026","dk","2024-10-31","2024","6(措)14","損害保険会社","","3条後段","3条後段","","","https://www.jftc.go.jp/dk/ichiran/dkhaijo_R6.html"
"dk-2024-10-31-0025","dk","2024-10-31","2024","6(措)13","損害保険会社","","3条後段","3条後段","","","https://www.jftc.go.jp/dk/ichiran/dkhaijo_R6.html"
"dk-2024-10-31-0024","dk","2024-10-31","2024","6(措)12","損害保険会社ら","","3条後段","3条後段","","","https://www.jftc.go.jp/dk/ichiran/dkhaijo_R6.html"
"dk-2024-10-31-0023","dk","2024-10-31","2024","6(措)11","損害保険会社","","3条後段","3条後段","","","https://www.jftc.go.jp/dk/ichiran/dkhaijo_R6.html"
"dk-2024-10-31-0022","dk","2024-10-31","2024","6(措)10","損害保険会社","","3条後段","3条後段","","","https://www.jftc.go.jp/dk/ichiran/dkhaijo_R6.html"
"shitauke-2024-10-25-0247","shitauke","2024-10-25","2024","","カバー株式会社","カバー株式会社","第4条第2項第4号","第 4 条第 2 項第 4 号（不当な給付内容の変更及び不当なやり直しの禁止）","","","https://www.jftc.go.jp/shitauke/shitaukekankoku/R6FYkankoku.html"
"shitauke-2024-10-23-0248","shitauke","2024-10-23","2024","","ナイス株式会社","ナイス株式会社","第4条第1項第3号","第 4 条第 1 項第 3 号（下請代金の減額の禁止）","","","https://www.jftc.go.jp/shitauke/shitaukekankoku/R6FYkankoku.html"
"shitauke-2024-09-26-0249","shitauke","2024-09-26","2024","","ＳＡＮＥＩ株式会社","ＳＡＮＥＩ株式会社","第4条第1項第3号 / 第4条第2項第3号","第 4 条第 1 項第 3 号（下請代金の減額の禁止） 第 4 条第 2 項第 3 号（不当な経済上の利益の提供要請の禁止）","","","https://www.jftc.go.jp/shitauke/shitaukekankoku/R6FYkankoku.html"
"shitauke-2024-09-04-0250","shitauke","2024-09-04","2024","","パルシステム生活協同組合連合会","パルシステム生活協同組合連合会","第4条第1項第3号","第4条第1項第3号（下請代金の減額の禁止）","","","https://www.jftc.go.jp/shitauke/shitaukekankoku/R6FYkankoku.html"
"dk-2024-07-26-0021","dk","2024-07-26","2024","6(措)9","ASP Japan（同）","","19条 / 一般指定10項","19条（一般指定10項）","","","https://www.jftc.go.jp/dk/ichiran/dkhaijo_R6.html"
"shitauke-2024-07-05-0251","shitauke","2024-07-05","2024","","株式会社トヨタカスタマイジング＆ディベロップメント","株式会社トヨタカスタマイジング＆ディベロップメント","第4条第1項第4号 / 第4条第2項第3号","第4条第1項第4号（返品の禁止） 第4条第2項第3号（不当な経済上の利益の提供要請の禁止）","","","https://www.jftc.go.jp/shitauke/shitaukekankoku/R6FYkankoku.html"
"dk-2024-06-27-0020","dk","2024-06-27","2024","6(措)8","ＬＰガス容器用バルブの製造販売業者ら","","3条後段","3条後段","","","https://www.jftc.go.jp/dk/ichiran/dkhaijo_R6.html"
"shitauke-2024-06-19-0252","shitauke","2024-06-19","2024","","大阪シーリング印刷株式会社","大阪シーリング印刷株式会社","第4条第2項第4号","第 4 条第 2 項第 4 号（不当な給付内容の変更及び不当なやり直しの禁止）","","","https://www.jftc.go.jp/shitauke/shitaukekankoku/R6FYkankoku.html"
"shitauke-2024-06-14-0253","shitauke","2024-06-14","2024","","三井食品工業株式会社","三井食品工業株式会社","第4条第1項第3号","第 4 条第 1 項第 3 号（下請代金の減額の禁止）","","","https://www.jftc.go.jp/shitauke/shitaukekankoku/R6FYkankoku.html"
"dk-2024-05-30-0019","dk","2024-05-30","2024","6(措)7","青森市が発注する新型コロナウイルス感染症患者移送業務の入札参加業者ら","","3条後段","3条後段","","","https://www.jftc.go.jp/dk/ichiran/dkhaijo_R6.html"
"shitauke-2024-05-22-0254","shitauke","2024-05-22","2024","","生活協同組合コープさっぽろ","生活協同組合コープさっぽろ","第4条第1項第3号","第4条第1項第3号（下請代金の減額の禁止）","","","https://www.jftc.go.jp/shitauke/shitaukekankoku/R6FYkankoku.html"
"dk-2024-05-22-0018","dk","2024-05-22","2024","6(措)6","名古屋市が発注する中学校スクールランチ調理等業務の入札参加業者","","3条後段","3条後段","","","https://www.jftc.go.jp/dk/ichiran/dkhaijo_R6.html"
"dk-2024-05-15-0017","dk","2024-05-15","2024","6(措)5","佐賀県有明海漁業協同組合","佐賀県有明海漁業協同組合","19条 / 一般指定12項","19条（一般指定12項）","","","https://www.jftc.go.jp/dk/ichiran/dkhaijo_R6.html"
"dk-2024-05-15-0016","dk","2024-05-15","2024","6(措)4","熊本県漁業協同組合連合会","熊本県漁業協同組合連合会","19条 / 一般指定12項","19条（一般指定12項）","","","https://www.jftc.go.jp/dk/ichiran/dkhaijo_R6.html"
"dk-2024-04-22-0037","dk","2024-04-22","2024","6(認)3","Google LLC","Google LLC","3条前段 / 19条 / 一般指定2項","3条前段又は19条（一般指定2項又は14項）","","","https://www.jftc.go.jp/dk/ichiran/dkhaijo_R6.html"
"dk-2024-03-28-0043","dk","2024-03-28","2023","6(措)3","木工用ドリルの製造販売業者","","3条後段","3条後段","","","https://www.jftc.go.jp/dk/ichiran/dkhaijo_R5.html"
"shitauke-2024-03-25-0255","shitauke","2024-03-25","2023","","ニデックテクノモータ株式会社","ニデックテクノモータ株式会社","第4条第2項第3号","第4条第2項第3号（不当な経済上の利益の提供要請の禁止）","","","https://www.jftc.go.jp/shitauke/shitaukekankoku/R5FYkankoku.html"
"shitauke-2024-03-19-0256","shitauke","2024-03-19","2023","","株式会社Ｇｉｏ","株式会社Ｇｉｏ","第4条第1項第3号","第4条第1項第3号（下請代金の減額の禁止）","","","https://www.jftc.go.jp/shitauke/shitaukekankoku/R5FYkankoku.html"
"shitauke-2024-03-15-0257","shitauke","2024-03-15","2023","","株式会社ビッグモーター及び株式会社ビーエムハナテン","株式会社ビッグモーター及び株式会社ビーエムハナテン","第4条第1項第5号 / 第4条第1項第6号 / 第4条第2項第3号","第4条第1項第5号（買いたたきの禁止） 第4条第1項第6号（購入・利用強制の禁止） 第4条第2項第3号（不当な経済上の利益の提供要請の禁止）","","","https://www.jftc.go.jp/shitauke/shitaukekankoku/R5FYkankoku.html"
"dk-2024-03-14-0042","dk","2024-03-14","2023","6(措)2","独立行政法人国立印刷局が発注する再生巻取用紙の入札参加業者ら","","3条後段","3条後段","","","https://www.jftc.go.jp/dk/ichiran/dkhaijo_R5.html"
"shitauke-2024-03-12-0258","shitauke","2024-03-12","2023","","コストコホールセールジャパン株式会社","コストコホールセールジャパン株式会社","第4条第1項第3号 / 第4条第1項第4号","第4条第1項第3号（下請代金の減額の禁止） 第4条第1項第4号（返品の禁止）","","","https://www.jftc.go.jp/shitauke/shitaukekankoku/R5FYkankoku.html"
"shitauke-2024-03-07-0259","shitauke","2024-03-07","2023","","日産自動車株式会社","日産自動車株式会社","第4条第1項第3号","第4条第1項第3号（下請代金の減額の禁止）","","","https://www.jftc.go.jp/shitauke/shitaukekankoku/R5FYkankoku.html"
"dk-2024-03-04-0041","dk","2024-03-04","2023","6(措)1","東邦瓦斯供給区域に所在する大口需要家が発注する都市ガスの見積り合わせ等の参加業者","","3条後段","3条後段","","","https://www.jftc.go.jp/dk/ichiran/dkhaijo_R5.html"
"shitauke-2024-02-28-0260","shitauke","2024-02-28","2023","","サンデン株式会社","サンデン株式会社","第4条第2項第3号","第4条第2項第3号（不当な経済上の利益の提供要請の禁止）","","","https://www.jftc.go.jp/shitauke/shitaukekankoku/R5FYkankoku.html"
"shitauke-2024-02-21-0261","shitauke","2024-02-21","2023","","ダイオーロジスティクス株式会社","ダイオーロジスティクス株式会社","第4条第1項第6号","第4条第1項第6号（購入・利用強制の禁止）","","","https://www.jftc.go.jp/shitauke/shitaukekankoku/R5FYkankoku.html"
"shitauke-2024-02-15-0262","shitauke","2024-02-15","2023","","王子ネピア株式会社","王子ネピア株式会社","第4条第2項第4号","第4条第2項第4号（不当な給付内容の変更及び不当なやり直しの禁止）","","","https://www.jftc.go.jp/shitauke/shitaukekankoku/R5FYkankoku.html"
"dk-2024-01-25-0048","dk","2024-01-25","2023","6(認)2","株式会社東京インテリア家具","株式会社東京インテリア家具","19条 / 2条","19条(2条9項5号）","","","https://www.jftc.go.jp/dk/ichiran/dkhaijo_R5.html"
"shitauke-2024-01-23-0263","shitauke","2024-01-23","2023","","株式会社メタルテック","株式会社メタルテック","第4条","第4条１項 第３号（下請代金の減額の禁止）","","","https://www.jftc.go.jp/shitauke/shitaukekankoku/R5FYkankoku.html"
"dk-2024-01-22-0047","dk","2024-01-22","2023","6(認)1","株式会社ＩＢＪ","株式会社ＩＢＪ","19条 / 一般指定12項","19条(一般指定12項）","","","https://www.jftc.go.jp/dk/ichiran/dkhaijo_R5.html"
"shitauke-2023-12-22-0264","shitauke","2023-12-22","2023","","株式会社伊藤軒","株式会社伊藤軒","第4条第1項第3号 / 第4条第1項第4号","第4条第1項第3号（下請代金の減額の禁止） 第4条第1項第4号（返品の禁止）","","","https://www.jftc.go.jp/shitauke/shitaukekankoku/R5FYkankoku.html"
"shitauke-2023-11-30-0265","shitauke","2023-11-30","2023","","サンケン電気株式会社","サンケン電気株式会社","第4条第2項第3号","第4条第2項第3号（不当な経済上の利益の提供要請の禁止）","","","https://www.jftc.go.jp/shitauke/shitaukekankoku/R5FYkankoku.html"
"dk-2023-10-03-0046","dk","2023-10-03","2023","5(認)3","ＴＯＨＯシネマズ株式会社","ＴＯＨＯシネマズ株式会社","19条 / 一般指定12項","19条(一般指定12項）","","","https://www.jftc.go.jp/dk/ichiran/dkhaijo_R5.html"
"dk-2023-09-28-0040","dk","2023-09-28","2023","5(措)5","高知県が発注する地質調査業務の入札参加業者","","3条後段","3条後段","","","https://www.jftc.go.jp/dk/ichiran/dkhaijo_R5.html"
"shitauke-2023-06-29-0266","shitauke","2023-06-29","2023","","株式会社ノジマ","株式会社ノジマ","第4条第1項第3号","第4条第1項第3号（下請代金の減額の禁止）","","","https://www.jftc.go.jp/shitauke/shitaukekankoku/R5FYkankoku.html"
"dk-2023-06-27-0045","dk","2023-06-27","2023","5(認)2","福岡有明海漁業協同組合連合会","福岡有明海漁業協同組合連合会","19条 / 一般指定11項","19条(一般指定11項又は12項）","","","https://www.jftc.go.jp/dk/ichiran/dkhaijo_R5.html"
"dk-2023-04-06-0044","dk","2023-04-06","2023","5(認)1","株式会社ダイコク","株式会社ダイコク","19条 / 2条","19条(2条9項5号）","","","https://www.jftc.go.jp/dk/ichiran/dkhaijo_R5.html"
"dk-2023-03-30-0056","dk","2023-03-30","2022","5(措)4","旧一般電気事業者ら","","3条後段","3条後段","","","https://www.jftc.go.jp/dk/ichiran/dkhaijo_R4.html"
"dk-2023-03-30-0055","dk","2023-03-30","2022","5(措)3","旧一般電気事業者","","3条後段","3条後段","","","https://www.jftc.go.jp/dk/ichiran/dkhaijo_R4.html"
"dk-2023-03-30-0054","dk","2023-03-30","2022","5(措)2","旧一般電気事業者ら","","3条後段","3条後段","","","https://www.jftc.go.jp/dk/ichiran/dkhaijo_R4.html"
"shitauke-2023-03-29-0267","shitauke","2023-03-29","2022","","株式会社ナフコ","株式会社ナフコ","第4条第1項第4号","第4条第1項第4号（返品の禁止）","","","https://www.jftc.go.jp/shitauke/shitaukekankoku/R4FYkankoku.html"
"shitauke-2023-03-27-0268","shitauke","2023-03-27","2022","","工機ホールディングス株式会社","工機ホールディングス株式会社","第4条第1項第5号","第4条第1項第5号（買いたたきの禁止）","","","https://www.jftc.go.jp/shitauke/shitaukekankoku/R4FYkankoku.html"
"dk-2023-03-24-0053","dk","2023-03-24","2022","5(措)1","独立行政法人国立病院機構が発注する九州エリアに所在する病院が調達する医薬品の入札参加業者ら","","3条後段","3条後段","","","https://www.jftc.go.jp/dk/ichiran/dkhaijo_R4.html"
"shitauke-2023-03-17-0269","shitauke","2023-03-17","2022","","株式会社キャメル珈琲","株式会社キャメル珈琲","第4条第1項第3号 / 第4条第1項第4号 / 第4条第2項第3号","第4条第1項第3号（下請代金の減額の禁止） 第4条第1項第4号（返品の禁止） 第4条第2項第3号（不当な経済上の利益の提供要請の禁止）","","","https://www.jftc.go.jp/shitauke/shitaukekankoku/R4FYkankoku.html"
"shitauke-2023-03-16-0270","shitauke","2023-03-16","2022","","岡野バルブ製造株式会社","岡野バルブ製造株式会社","第4条第2項第3号","第4条第2項第3号（不当な経済上の利益の提供要請の禁止）","","","https://www.jftc.go.jp/shitauke/shitaukekankoku/R4FYkankoku.html"
"shitauke-2023-03-08-0271","shitauke","2023-03-08","2022","","廣川株式会社","廣川株式会社","第4条第1項第3号","第4条第1項第3号（下請代金の減額の禁止）","","","https://www.jftc.go.jp/shitauke/shitaukekankoku/R4FYkankoku.html"
"dk-2022-12-15-0052","dk","2022-12-15","2022","4(措)7","炭素鋼製突合せ溶接式管継手の製造販売業者ら","","3条後段","3条後段","","","https://www.jftc.go.jp/dk/ichiran/dkhaijo_R4.html"
"dk-2022-10-17-0051","dk","2022-10-17","2022","4(措)6","愛知県又は岐阜県に所在する病院が発注する医事業務の入札等の参加業者","","3条後段","3条後段","","","https://www.jftc.go.jp/dk/ichiran/dkhaijo_R4.html"
"dk-2022-10-06-0050","dk","2022-10-06","2022","4(措)5","広島市が発注するコンピュータ機器の入札参加業者ら","","3条後段","3条後段","","","https://www.jftc.go.jp/dk/ichiran/dkhaijo_R4.html"
"dk-2022-10-06-0049","dk","2022-10-06","2022","4(措)4","広島県が発注するコンピュータ機器の入札等の参加業者ら","","3条後段","3条後段","","","https://www.jftc.go.jp/dk/ichiran/dkhaijo_R4.html"
"shitauke-2022-09-09-0272","shitauke","2022-09-09","2022","","株式会社エスアイシステム","株式会社エスアイシステム","第4条第1項第3号","第4条第1項第3号（下請代金の減額の禁止）","","","https://www.jftc.go.jp/shitauke/shitaukekankoku/R4FYkankoku.html"
"dk-2022-06-30-0059","dk","2022-06-30","2022","4(認)6、7","株式会社サイネックス及び株式会社スマートバリュー","株式会社サイネックス及び株式会社スマートバリュー","19条 / 一般指定14項","19条(一般指定14項）","","","https://www.jftc.go.jp/dk/ichiran/dkhaijo_R4.html"
"dk-2022-06-02-0058","dk","2022-06-02","2022","4(認)5","エクスペディア・ロッジング・パートナー・サービシーズ・サール","","19条 / 一般指定12項","19条(一般指定12項）","","","https://www.jftc.go.jp/dk/ichiran/dkhaijo_R4.html"
"dk-2022-05-19-0057","dk","2022-05-19","2022","4(認)4","株式会社一蘭","株式会社一蘭","19条 / 2条","19条(2条9項4号）","","","https://www.jftc.go.jp/dk/ichiran/dkhaijo_R4.html"
"dk-2022-03-30-0062","dk","2022-03-30","2021","4(措)3","独立行政法人地域医療機能推進機構が発注する医薬品の入札参加業者","","3条後段","3条後段","","","https://www.jftc.go.jp/dk/ichiran/dkhaijo_R3.html"
"dk-2022-03-25-0064","dk","2022-03-25","2021","4(認)2、3","アメアスポーツジャパン株式会社及びウイルソン・スポーティング・グッズ・カンパニー","アメアスポーツジャパン株式会社及びウイルソン・スポーティング・グッズ・カンパニー","19条 / 一般指定14項","19条(一般指定14項）","","","https://www.jftc.go.jp/dk/ichiran/dkhaijo_R3.html"
"dk-2022-03-16-0063","dk","2022-03-16","2021","4(認)1","Booking.com B.V.","Booking.com B.V.","19条 / 一般指定12項","19条(一般指定12項）","","","https://www.jftc.go.jp/dk/ichiran/dkhaijo_R3.html"
"dk-2022-03-03-0061","dk","2022-03-03","2021","4(措)2","日本年金機構が発注するデータプリントサービスの入札等の参加業者","","3条後段","3条後段","","","https://www.jftc.go.jp/dk/ichiran/dkhaijo_R3.html"
"shitauke-2022-03-01-0273","shitauke","2022-03-01","2021","","株式会社イング","株式会社イング","第4条第1項第3号","第4条第1項第3号（下請代金の減額の禁止）","","","https://www.jftc.go.jp/shitauke/shitaukekankoku/R3FYkankoku.html"
"dk-2022-02-25-0060","dk","2022-02-25","2021","4(措)1","国、地方公共団体等が発注する群馬県の区域に所在する施設を対象にした機械警備業務の競争入札等の参加業者","","3条後段","3条後段","","","https://www.jftc.go.jp/dk/ichiran/dkhaijo_R3.html"
"shitauke-2021-11-12-0274","shitauke","2021-11-12","2021","","株式会社ナガワ","株式会社ナガワ","第4条第1項第3号","第4条第1項第3号（下請代金の減額の禁止）","","","https://www.jftc.go.jp/shitauke/shitaukekankoku/R3FYkankoku.html"
"shitauke-2021-06-30-0275","shitauke","2021-06-30","2021","","東京吉岡株式会社","東京吉岡株式会社","第4条第1項第3号","第4条第1項第3号（下請代金の減額の禁止）","","","https://www.jftc.go.jp/shitauke/shitaukekankoku/R3FYkankoku.html"
"shitauke-2021-06-23-0276","shitauke","2021-06-23","2021","","株式会社ティーガイア","株式会社ティーガイア","第4条第1項第3号","第4条第1項第3号（下請代金の減額の禁止）","","","https://www.jftc.go.jp/shitauke/shitaukekankoku/R3FYkankoku.html"
"dk-2021-03-26-0079","dk","2021-03-26","2020","3(認)2","日本アルコン株式会社","日本アルコン株式会社","19条 / 一般指定12項","19条(一般指定12項)","","","https://www.jftc.go.jp/dk/ichiran/dkhaijo_R2.html"
"dk-2021-03-12-0078","dk","2021-03-12","2020","3(認)1","ビー・エム・ダブリュー株式会社","ビー・エム・ダブリュー株式会社","19条 / 2条","19条(2条9項5号)","","","https://www.jftc.go.jp/dk/ichiran/dkhaijo_R2.html"
"dk-2020-12-22-0073","dk","2020-12-22","2020","2(措)10","東海旅客鉄道株式会社が発注するリニア中央新幹線に係る品川駅及び名古屋駅新設工事の指名競争見積の参加業者","東海旅客鉄道株式会社が発注するリニア中央新幹線に係る品川駅及び名古屋駅新設工事の指名競争見積の参加業者","3条後段","3条後段","","","https://www.jftc.go.jp/dk/ichiran/dkhaijo_R2.html"
"dk-2020-11-12-0077","dk","2020-11-12","2020","2(認)5","株式会社シード","株式会社シード","19条 / 一般指定12項","19条(一般指定12項)","","","https://www.jftc.go.jp/dk/ichiran/dkhaijo_R2.html"
"dk-2020-09-10-0076","dk","2020-09-10","2020","2(認)4","アマゾンジャパン合同会社","アマゾンジャパン合同会社","19条 / 2条","19条(2条9項5号)","","","https://www.jftc.go.jp/dk/ichiran/dkhaijo_R2.html"
"dk-2020-08-05-0075","dk","2020-08-05","2020","2(認)3","ゲンキー株式会社","ゲンキー株式会社","19条 / 2条","19条(2条9項5号)","","","https://www.jftc.go.jp/dk/ichiran/dkhaijo_R2.html"
"dk-2020-07-07-0072","dk","2020-07-07","2020","2(措)9","マイナミ空港サービス株式会社","マイナミ空港サービス株式会社","3条前段","3条前段","","","https://www.jftc.go.jp/dk/ichiran/dkhaijo_R2.html"
"dk-2020-07-01-0071","dk","2020-07-01","2020","2(措)8","愛知県立高等学校の制服の販売業者","","3条後段","3条後段","","","https://www.jftc.go.jp/dk/ichiran/dkhaijo_R2.html"
"dk-2020-07-01-0070","dk","2020-07-01","2020","2(措)7","愛知県立高等学校の制服の販売業者","","3条後段","3条後段","","","https://www.jftc.go.jp/dk/ichiran/dkhaijo_R2.html"
"dk-2020-07-01-0069","dk","2020-07-01","2020","2(措)6","愛知県立高等学校の制服の販売業者","","3条後段","3条後段","","","https://www.jftc.go.jp/dk/ichiran/dkhaijo_R2.html"
"dk-2020-07-01-0068","dk","2020-07-01","2020","2(措)5","愛知県立高等学校の制服の販売業者","","3条後段","3条後段","","","https://www.jftc.go.jp/dk/ichiran/dkhaijo_R2.html"
"dk-2020-07-01-0067","dk","2020-07-01","2020","2(措)4","愛知県立高等学校の制服の販売業者","","3条後段","3条後段","","","https://www.jftc.go.jp/dk/ichiran/dkhaijo_R2.html"
"dk-2020-07-01-0066","dk","2020-07-01","2020","2(措)3","愛知県立高等学校の制服の販売業者","","3条後段","3条後段","","","https://www.jftc.go.jp/dk/ichiran/dkhaijo_R2.html"
"dk-2020-06-11-0065","dk","2020-06-11","2020","2(措)2","山形県が発注する警察官用制服類の入札等の参加業者","","3条後段","3条後段","","","https://www.jftc.go.jp/dk/ichiran/dkhaijo_R2.html"
"dk-2020-06-04-0074","dk","2020-06-04","2020","2(認)2","クーパービジョン・ジャパン株式会社","クーパービジョン・ジャパン株式会社","19条 / 一般指定12項","19条(一般指定12項)","","","https://www.jftc.go.jp/dk/ichiran/dkhaijo_R2.html"
"shitauke-2020-04-10-0277","shitauke","2020-04-10","2020","","株式会社リーガルコーポレーション","株式会社リーガルコーポレーション","第4条第1項第4号","第4条第1項第4号（返品の禁止）","","","https://www.jftc.go.jp/shitauke/shitaukekankoku/R2FYkankoku.html"
"dk-2020-03-11-0081","dk","2020-03-11","2019","2(認)1","日本メジフィジックス株式会社","日本メジフィジックス株式会社","3条前段 / 19条 / 一般指定14項","3条前段 19条(一般指定14項)","","","https://www.jftc.go.jp/dk/ichiran/dkhaijo_R1.html"
"dk-2020-03-05-0080","dk","2020-03-05","2019","2(措)1","カルバン錠の販売業者ら","","3条後段","3条後段","","","https://www.jftc.go.jp/dk/ichiran/dkhaijo_R1.html"
"shitauke-2020-02-14-0278","shitauke","2020-02-14","2019","","株式会社レリアン","株式会社レリアン","第4条第1項第2号 / 第4条第1項第3号 / 第4条第1項第4号","第4条第1項第2号（下請代金の支払遅延の禁止） 第4条第1項第3号（下請代金の減額の禁止） 第4条第1項第4号（返品の禁止）","","","https://www.jftc.go.jp/shitauke/shitaukekankoku/H31FYkankoku.html"
"shitauke-2019-04-23-0279","shitauke","2019-04-23","2019","","森永製菓株式会社","森永製菓株式会社","第4条第1項第3号","第4条第1項第3号（下請代金の減額の禁止）","","","https://www.jftc.go.jp/shitauke/shitaukekankoku/H31FYkankoku.html"
"shitauke-2019-02-21-0280","shitauke","2019-02-21","2018","","株式会社柿安本店","株式会社柿安本店","第4条第1項第3号","第4条第1項第3号（下請代金の減額の禁止）","","","https://www.jftc.go.jp/shitauke/shitaukekankoku/H30FYkankoku.html"
"shitauke-2019-01-23-0281","shitauke","2019-01-23","2018","","アイア株式会社","アイア株式会社","第4条第1項第3号","第4条第1項第3号（下請代金の減額の禁止）","","","https://www.jftc.go.jp/shitauke/shitaukekankoku/H30FYkankoku.html"
"shitauke-2018-12-12-0282","shitauke","2018-12-12","2018","","株式会社サンリオ","株式会社サンリオ","第4条第1項第4号 / 第4条第2項第3号","［1］ 第4条第1項第4号（返品の禁止） ［2］ 第4条第2項第3号（不当な経済上の利益の提供要請の禁止）","","","https://www.jftc.go.jp/shitauke/shitaukekankoku/H30FYkankoku.html"
"dk-2018-10-18-0089","dk","2018-10-18","2018","30(措)19","ドコモショップユニフォームの見積り合わせの参加業者","","3条後段","3条後段","","","https://www.jftc.go.jp/dk/ichiran/dkhaijo30.html"
"dk-2018-10-18-0088","dk","2018-10-18","2018","30(措)18","ドコモショップユニフォームの見積り合わせの参加業者","","3条後段","3条後段","","","https://www.jftc.go.jp/dk/ichiran/dkhaijo30.html"
"shitauke-2018-10-17-0283","shitauke","2018-10-17","2018","","磯川産業株式会社","磯川産業株式会社","第4条第1項第3号","第4条第1項第3号（下請代金の減額の禁止）","","","https://www.jftc.go.jp/shitauke/shitaukekankoku/H30FYkankoku.html"
"dk-2018-10-03-0087","dk","2018-10-03","2018","30(措)17","近畿地区に店舗を設置する百貨店業者","","3条後段","3条後段","","","https://www.jftc.go.jp/dk/ichiran/dkhaijo30.html"
"shitauke-2018-08-29-0284","shitauke","2018-08-29","2018","","全日本食品株式会社","全日本食品株式会社","第4条第1項第3号","第4条第1項第3号（下請代金の減額の禁止）","","","https://www.jftc.go.jp/shitauke/shitaukekankoku/H30FYkankoku.html"
"dk-2018-07-26-0086","dk","2018-07-26","2018","30(措)16","宮城県北部土木事務所栗原地域事務所が発注する建設関連業務の入札参加業者","","3条後段","3条後段","","","https://www.jftc.go.jp/dk/ichiran/dkhaijo30.html"
"dk-2018-07-26-0085","dk","2018-07-26","2018","30(措)15","宮城県北部土木事務所が発注する建設関連業務の入札等の参加業者","","3条後段","3条後段","","","https://www.jftc.go.jp/dk/ichiran/dkhaijo30.html"
"dk-2018-07-26-0084","dk","2018-07-26","2018","30(措)14","宮城県大崎市等が発注する建設関連業務の入札参加業者","","3条後段","3条後段","","","https://www.jftc.go.jp/dk/ichiran/dkhaijo30.html"
"dk-2018-07-12-0083","dk","2018-07-12","2018","30(措)13","全日本空輸株式会社が発注する制服の販売業者","全日本空輸株式会社が発注する制服の販売業者","3条後段","3条後段","","","https://www.jftc.go.jp/dk/ichiran/dkhaijo30.html"
"shitauke-2018-06-15-0285","shitauke","2018-06-15","2018","","小野建株式会社","小野建株式会社","第4条第1項第3号","第4条第1項第3号（下請代金の減額の禁止）","","","https://www.jftc.go.jp/shitauke/shitaukekankoku/H30FYkankoku.html"
"dk-2018-06-14-0082","dk","2018-06-14","2018","30(措)12","株式会社フジタ","株式会社フジタ","19条 / 一般指定14項","19条（一般指定14項）","","","https://www.jftc.go.jp/dk/ichiran/dkhaijo30.html"
"shitauke-2018-04-26-0286","shitauke","2018-04-26","2018","","マル厨工業株式会社","マル厨工業株式会社","第4条第1項第3号","第4条第1項第3号（下請代金の減額の禁止）","","","https://www.jftc.go.jp/shitauke/shitaukekankoku/H30FYkankoku.html"
"shitauke-2018-03-30-0287","shitauke","2018-03-30","2017","","株式会社大冷","株式会社大冷","第4条第1項第3号","第4条第1項第3号（下請代金の減額の禁止）","","","https://www.jftc.go.jp/shitauke/shitaukekankoku/H29FYkankoku.html"
"shitauke-2018-03-29-0288","shitauke","2018-03-29","2017","","DXアンテナ株式会社","DXアンテナ株式会社","第4条第1項第3号","第4条第1項第3号（下請代金の減額の禁止）","","","https://www.jftc.go.jp/shitauke/shitaukekankoku/H29FYkankoku.html"
"shitauke-2018-03-26-0289","shitauke","2018-03-26","2017","","サトープリンティング株式会社","サトープリンティング株式会社","第4条第1項第3号","第4条第1項第3号（下請代金の減額の禁止）","","","https://www.jftc.go.jp/shitauke/shitaukekankoku/H29FYkankoku.html"
"shitauke-2018-02-05-0290","shitauke","2018-02-05","2017","","株式会社伊藤園","株式会社伊藤園","第4条第1項第3号","第4条第1項第3号（下請代金の減額の禁止）","","","https://www.jftc.go.jp/shitauke/shitaukekankoku/H29FYkankoku.html"
"shitauke-2017-07-21-0291","shitauke","2017-07-21","2017","","株式会社セブン－イレブン・ジャパン","株式会社セブン－イレブン・ジャパン","第4条第1項第3号","第4条第1項第3号（下請代金の減額の禁止）","","","https://www.jftc.go.jp/shitauke/shitaukekankoku/H29FYkankoku.html"
"shitauke-2017-07-18-0292","shitauke","2017-07-18","2017","","タカタ株式会社","タカタ株式会社","第4条第1項第3号","第4条第1項第3号（下請代金の減額の禁止）","","","https://www.jftc.go.jp/shitauke/shitaukekankoku/H29FYkankoku.html"
"shitauke-2017-06-23-0293","shitauke","2017-06-23","2017","","寿屋フロンテ株式会社","寿屋フロンテ株式会社","第4条第1項第3号","第4条第1項第3号（下請代金の減額の禁止）","","","https://www.jftc.go.jp/shitauke/shitaukekankoku/H29FYkankoku.html"
"shitauke-2017-05-10-0294","shitauke","2017-05-10","2017","","山崎製パン株式会社","山崎製パン株式会社","第4条第1項第3号","第4条第1項第3号（下請代金の減額の禁止）","","","https://www.jftc.go.jp/shitauke/shitaukekankoku/H29FYkankoku.html"
"shitauke-2017-04-27-0295","shitauke","2017-04-27","2017","","株式会社久世","株式会社久世","第4条第1項第3号","第4条第1項第3号（下請代金の減額の禁止）","","","https://www.jftc.go.jp/shitauke/shitaukekankoku/H29FYkankoku.html"
"dk-2017-03-29-0100","dk","2017-03-29","2016","29(措)7","土佐あき農業協同組合","土佐あき農業協同組合","19条 / 一般指定12項","19条（一般指定12項）","","","https://www.jftc.go.jp/dk/ichiran/dkhaijo28.html"
"shitauke-2017-03-22-0296","shitauke","2017-03-22","2016","","アトムリビンテック株式会社","アトムリビンテック株式会社","第4条第1項第3号","第4条第1項第3号（下請代金の減額の禁止）","","","https://www.jftc.go.jp/shitauke/shitaukekankoku/170322.html"
"shitauke-2017-03-16-0297","shitauke","2017-03-16","2016","","株式会社井筒授与品店","株式会社井筒授与品店","第4条第1項第3号","第4条第1項第3号（下請代金の減額の禁止）","","","https://www.jftc.go.jp/shitauke/shitaukekankoku/170322.html"
"dk-2017-03-13-0099","dk","2017-03-13","2016","29(措)6","壁紙の販売業者","","3条後段","3条後段","","","https://www.jftc.go.jp/dk/ichiran/dkhaijo28.html"
"dk-2017-03-10-0098","dk","2017-03-10","2016","29(措)5","防衛装備庁が発注するビニロン又は難燃ビニロンを材料として使用する繊維製品の入札参加業者","","3条後段","3条後段","","","https://www.jftc.go.jp/dk/ichiran/dkhaijo28.html"
"shitauke-2017-03-07-0298","shitauke","2017-03-07","2016","","株式会社あらた","株式会社あらた","第4条第1項第3号","第4条第1項第3号（下請代金の減額の禁止）","","","https://www.jftc.go.jp/shitauke/shitaukekankoku/170322.html"
"shitauke-2017-03-02-0299","shitauke","2017-03-02","2016","","株式会社プレナス","株式会社プレナス","第4条第1項第3号 / 第4条第1項第4号","[1] 第4条第1項第3号（下請代金の減額の禁止） [2] 第4条第1項第4号(返品の禁止)","","","https://www.jftc.go.jp/shitauke/shitaukekankoku/170322.html"
"shitauke-2017-02-23-0300","shitauke","2017-02-23","2016","","株式会社ニッド","株式会社ニッド","第4条第1項第3号","第4条第1項第3号（下請代金の減額の禁止）","","","https://www.jftc.go.jp/shitauke/shitaukekankoku/170322.html"
"dk-2017-02-16-0097","dk","2017-02-16","2016","29(措)4","地方公共団体等が宮城県又は福島県の区域を施工場所として発注する施設園芸用施設の建設工事の工事業者","","3条後段","3条後段","","","https://www.jftc.go.jp/dk/ichiran/dkhaijo28.html"
"dk-2017-02-15-0096","dk","2017-02-15","2016","29(措)3","中部電力株式会社が発注する伝送路用装置の製造販売業者","中部電力株式会社が発注する伝送路用装置の製造販売業者","3条後段","3条後段","","","https://www.jftc.go.jp/dk/ichiran/dkhaijo28.html"
"dk-2017-02-15-0095","dk","2017-02-15","2016","29(措)2","中部電力株式会社が発注するハイブリッド光通信装置の製造販売業者","中部電力株式会社が発注するハイブリッド光通信装置の製造販売業者","3条後段","3条後段","","","https://www.jftc.go.jp/dk/ichiran/dkhaijo28.html"
"dk-2017-02-02-0094","dk","2017-02-02","2016","29(措)1","消防救急デジタル無線機器の製造販売業者","","3条後段","3条後段","","","https://www.jftc.go.jp/dk/ichiran/dkhaijo28.html"
"shitauke-2016-11-25-0301","shitauke","2016-11-25","2016","","株式会社農協観光","株式会社農協観光","第4条第1項第3号","第4条第1項第3号（下請代金の減額の禁止）","","","https://www.jftc.go.jp/shitauke/shitaukekankoku/170322.html"
"shitauke-2016-11-16-0302","shitauke","2016-11-16","2016","","株式会社ユーシン","株式会社ユーシン","第4条第1項第3号","第4条第1項第3号（下請代金の減額の禁止）","","","https://www.jftc.go.jp/shitauke/shitaukekankoku/170322.html"
"shitauke-2016-11-11-0303","shitauke","2016-11-11","2016","","株式会社JFRオンライン","株式会社JFRオンライン","第4条第1項第3号 / 第4条第1項第4号 / 第4条第2項第3号","[1] 第4条第1項第3号（下請代金の減額の禁止） [2] 第4条第1項第4号（返品の禁止） [3] 第4条第2項第3号（不当な経済上の利益の提供要請の禁止）","","","https://www.jftc.go.jp/shitauke/shitaukekankoku/170322.html"
"shitauke-2016-09-27-0304","shitauke","2016-09-27","2016","","株式会社シジシージャパン","株式会社シジシージャパン","第4条第1項第3号 / 第4条第2項第3号","[1] 第4条第1項第3号（下請代金の減額の禁止） [2] 第4条第2項第3号（不当な経済上の利益の提供要請の禁止）","","","https://www.jftc.go.jp/shitauke/shitaukekankoku/170322.html"
"dk-2016-09-21-0093","dk","2016-09-21","2016","28(措)10","東日本高速道路株式会社関東支社が発注する東日本大震災に係る舗装災害復旧工事の入札参加業者","東日本高速道路株式会社関東支社が発注する東日本大震災に係る舗装災害復旧工事の入札参加業者","3条後段","3条後段","","","https://www.jftc.go.jp/dk/ichiran/dkhaijo28.html"
"dk-2016-09-06-0092","dk","2016-09-06","2016","28(措)9","東日本高速道路株式会社東北支社が発注する東日本大震災に係る舗装災害復旧工事の入札参加業者","東日本高速道路株式会社東北支社が発注する東日本大震災に係る舗装災害復旧工事の入札参加業者","3条後段","3条後段","","","https://www.jftc.go.jp/dk/ichiran/dkhaijo28.html"
"shitauke-2016-08-25-0305","shitauke","2016-08-25","2016","","株式会社ファミリーマート","株式会社ファミリーマート","第4条第1項第3号","第4条第1項第3号（下請代金の減額の禁止）","","","https://www.jftc.go.jp/shitauke/shitaukekankoku/170322.html"
"dk-2016-07-12-0091","dk","2016-07-12","2016","28(措)8","東京電力が発注する電力保安通信機器の製造販売業者","","3条後段","3条後段","","","https://www.jftc.go.jp/dk/ichiran/dkhaijo28.html"
"dk-2016-06-15-0090","dk","2016-06-15","2016","28(措)7","コールマンジャパン株式会社","コールマンジャパン株式会社","19条 / 2条","19条（2条9項第4号）","","","https://www.jftc.go.jp/dk/ichiran/dkhaijo28.html"
"shitauke-2016-06-14-0306","shitauke","2016-06-14","2016","","株式会社日本セレモニー","株式会社日本セレモニー","第4条第1項第6号","第4条第1項第6号（購入・利用強制の禁止）","","","https://www.jftc.go.jp/shitauke/shitaukekankoku/170322.html"
"shitauke-2016-03-25-0307","shitauke","2016-03-25","2015","","株式会社大地を守る会","株式会社大地を守る会","第4条第1項第3号","第4条第1項第3号(減額の禁止)","","","https://www.jftc.go.jp/shitauke/shitaukekankoku/160325.html"
"shitauke-2015-10-23-0308","shitauke","2015-10-23","2015","","ミヤコ株式会社","ミヤコ株式会社","第4条第1項第3号","第4条第1項第3号(減額の禁止)","","","https://www.jftc.go.jp/shitauke/shitaukekankoku/160325.html"
"shitauke-2015-07-31-0309","shitauke","2015-07-31","2015","","ゼビオ株式会社","ゼビオ株式会社","第4条第1項第3号 / 第4条第1項第4号","[1]第4条第1項第3号(減額の禁止) [2]第4条第1項第4号(返品の禁止)","","","https://www.jftc.go.jp/shitauke/shitaukekankoku/160325.html"
"shitauke-2015-04-10-0310","shitauke","2015-04-10","2015","","株式会社アマガサ","株式会社アマガサ","第4条第1項第3号","第4条第1項第3号（減額の禁止）","","","https://www.jftc.go.jp/shitauke/shitaukekankoku/160325.html"
"shitauke-2015-03-31-0311","shitauke","2015-03-31","2014","","株式会社エスケイジャパン","株式会社エスケイジャパン","第4条第1項第3号","第4条第1項第3号（減額の禁止）","","","https://www.jftc.go.jp/shitauke/shitaukekankoku/150331.html"
"dk-2015-03-26-0101","dk","2015-03-26","2014","27(措)5","農業協同組合等が発注する穀物の乾燥・調製・貯蔵施設及び精米施設の製造請負工事等の施工業者","農業協同組合等が発注する穀物の乾燥・調製・貯蔵施設及び精米施設の製造請負工事等の施工業者","3条後段","3条後段","","","https://www.jftc.go.jp/dk/ichiran/dkhaijo26.html"
"dk-2015-02-27-0102","dk","2015-02-27","2014","27(措)4","岡山県北生コンクリート協同組合","岡山県北生コンクリート協同組合","19条 / 一般指定14項","19条（一般指定14項）","","","https://www.jftc.go.jp/dk/ichiran/dkhaijo26.html"
"dk-2015-01-20-0103","dk","2015-01-20","2014","27(措)3","北海道に所在する農業協同組合等が発注する低温空調設備工事の工事業者","北海道に所在する農業協同組合等が発注する低温空調設備工事の工事業者","3条後段","3条後段","","","https://www.jftc.go.jp/dk/ichiran/dkhaijo26.html"
"dk-2015-01-16-0104","dk","2015-01-16","2014","27(措)2","福井県経済農業協同組合連合会","福井県経済農業協同組合連合会","3条前段","3条前段","","","https://www.jftc.go.jp/dk/ichiran/dkhaijo26.html"
"dk-2015-01-14-0105","dk","2015-01-14","2014","27(措)1","網走管内コンクリート製品協同組合","網走管内コンクリート製品協同組合","8条","8条1号","","","https://www.jftc.go.jp/dk/ichiran/dkhaijo26.html"
"dk-2014-09-09-0106","dk","2014-09-09","2014","26（措）14","鋼球の製造業者","","3条後段","3条後段","","","https://www.jftc.go.jp/dk/ichiran/dkhaijo26.html"
"shitauke-2014-08-28-0312","shitauke","2014-08-28","2014","","株式会社マルショク","株式会社マルショク","第4条第1項第3号","第4条第1項第3号（減額の禁止）","","","https://www.jftc.go.jp/shitauke/shitaukekankoku/150331.html"
"shitauke-2014-08-20-0313","shitauke","2014-08-20","2014","","北雄ラッキー株式会社","北雄ラッキー株式会社","第4条第1項第3号","第4条第1項第3号（減額の禁止）","","","https://www.jftc.go.jp/shitauke/shitaukekankoku/150331.html"
"shitauke-2014-07-15-0314","shitauke","2014-07-15","2014","","株式会社大創産業","株式会社大創産業","第4条第1項第4号 / 第4条第1項第5号","(1)第4条第1項第4号(返品の禁止) (2)第4条第1項第5号(買いたたきの禁止)","","","https://www.jftc.go.jp/shitauke/shitaukekankoku/150331.html"
"shitauke-2014-06-30-0315","shitauke","2014-06-30","2014","","株式会社サンリブ","株式会社サンリブ","第4条第1項第3号","第4条第1項第3号(減額の禁止)","","","https://www.jftc.go.jp/shitauke/shitaukekankoku/150331.html"
"shitauke-2014-06-27-0317","shitauke","2014-06-27","2014","","株式会社森創","株式会社森創","第4条第1項第3号","第4条第1項第3号(減額の禁止)","","","https://www.jftc.go.jp/shitauke/shitaukekankoku/150331.html"
"shitauke-2014-06-27-0316","shitauke","2014-06-27","2014","","株式会社ヒマラヤ","株式会社ヒマラヤ","第4条第1項第3号 / 第4条第1項第4号","(1)第4条第1項第3号(減額の禁止) (2)第4条第1項第4号(返品の禁止)","","","https://www.jftc.go.jp/shitauke/shitaukekankoku/150331.html"
"dk-2014-06-19-0109","dk","2014-06-19","2014","26（措）11","東日本地区に交渉担当部署を有する需要者向け段ボールシートの製造業者","","3条後段","3条後段","","","https://www.jftc.go.jp/dk/ichiran/dkhaijo26.html"
"dk-2014-06-19-0108","dk","2014-06-19","2014","26（措）12","東日本地区に交渉担当部署を有する需要者向け段ボールケースの製造業者","","","3段後段","","","https://www.jftc.go.jp/dk/ichiran/dkhaijo26.html"
"dk-2014-06-19-0107","dk","2014-06-19","2014","26（措）13","東日本地区に交渉担当部署を有する大口需要者向け段ボールケースの製造業者","","3条後段","3条後段","","","https://www.jftc.go.jp/dk/ichiran/dkhaijo26.html"
"dk-2014-06-05-0110","dk","2014-06-05","2014","25（措）10","ダイレックス株式会社","ダイレックス株式会社","19条 / 2条","19条（2条9項5号）","","","https://www.jftc.go.jp/dk/ichiran/dkhaijo26.html"
"dk-2014-03-18-0114","dk","2014-03-18","2013","26（措）6","自動車運送業務を行う船舶運航事業者","","3条後段","3条後段","","","https://www.jftc.go.jp/dk/ichiran/dkhaijo25.html"
"dk-2014-03-18-0113","dk","2014-03-18","2013","26（措）7","自動車運送業務を行う船舶運航事業者","","3条後段","3条後段","","","https://www.jftc.go.jp/dk/ichiran/dkhaijo25.html"
"dk-2014-03-18-0112","dk","2014-03-18","2013","26（措）8","自動車運送業務を行う船舶運航事業者","","3条後段","3条後段","","","https://www.jftc.go.jp/dk/ichiran/dkhaijo25.html"
"dk-2014-03-18-0111","dk","2014-03-18","2013","26（措）9","自動車運送業務を行う船舶運航事業者","","3条後段","3条後段","","","https://www.jftc.go.jp/dk/ichiran/dkhaijo25.html"
"shitauke-2014-02-27-0318","shitauke","2014-02-27","2013","","(株)ショーエイコーポレーション","","第4条第1項第3号","第4条第1項第3号(減額の禁止)","","","https://www.jftc.go.jp/shitauke/shitaukekankoku/shitaukekankoku25.html"
"dk-2014-02-27-0115","dk","2014-02-27","2013","26（措）5","一般社団法人吉川松伏医師会","一般社団法人吉川松伏医師会","8条","8条1号","","","https://www.jftc.go.jp/dk/ichiran/dkhaijo25.html"
"dk-2014-02-03-0117","dk","2014-02-03","2013","26（措）3","千葉県が発注する土木一式工事の入札参加業者","","3条後段","3条後段","","","https://www.jftc.go.jp/dk/ichiran/dkhaijo25.html"
"dk-2014-02-03-0116","dk","2014-02-03","2013","26（措）4","千葉県が発注する舗装工事の入札参加業者","","3条後段","3条後段","","","https://www.jftc.go.jp/dk/ichiran/dkhaijo25.html"
"dk-2014-01-31-0119","dk","2014-01-31","2013","26（措）1","関西電力株式会社が発注する架空送電工事の工事業者","関西電力株式会社が発注する架空送電工事の工事業者","3条後段","3条後段","","","https://www.jftc.go.jp/dk/ichiran/dkhaijo25.html"
"dk-2014-01-31-0118","dk","2014-01-31","2013","26（措）2","関西電力株式会社が発注する地中送電工事の工事業者","関西電力株式会社が発注する地中送電工事の工事業者","3条後段","3条後段","","","https://www.jftc.go.jp/dk/ichiran/dkhaijo25.html"
"shitauke-2014-01-30-0319","shitauke","2014-01-30","2013","","大久保歯車工業(株)","","第4条第1項第3号","第4条第1項第3号(減額の禁止)","","","https://www.jftc.go.jp/shitauke/shitaukekankoku/shitaukekankoku25.html"
"dk-2013-12-20-0124","dk","2013-12-20","2013","25（措）11","東京電力株式会社が発注する架空送電工事の工事業者","東京電力株式会社が発注する架空送電工事の工事業者","3条後段","3条後段","","","https://www.jftc.go.jp/dk/ichiran/dkhaijo25.html"
"dk-2013-12-20-0123","dk","2013-12-20","2013","25（措）12","東京電力株式会社が発注する架空送電工事の工事業者","東京電力株式会社が発注する架空送電工事の工事業者","3条後段","3条後段","","","https://www.jftc.go.jp/dk/ichiran/dkhaijo25.html"
"dk-2013-12-20-0122","dk","2013-12-20","2013","25（措）13","東京電力株式会社が発注する架空送電工事の工事業者","東京電力株式会社が発注する架空送電工事の工事業者","3条後段","3条後段","","","https://www.jftc.go.jp/dk/ichiran/dkhaijo25.html"
"dk-2013-12-20-0121","dk","2013-12-20","2013","25（措）14","東京電力株式会社が発注する架空送電工事の工事業者","東京電力株式会社が発注する架空送電工事の工事業者","3条後段","3条後段","","","https://www.jftc.go.jp/dk/ichiran/dkhaijo25.html"
"dk-2013-12-20-0120","dk","2013-12-20","2013","25（措）15","東京電力株式会社が発注する地中送電ケーブル工事の工事業者","東京電力株式会社が発注する地中送電ケーブル工事の工事業者","3条後段","3条後段","","","https://www.jftc.go.jp/dk/ichiran/dkhaijo25.html"
"shitauke-2013-12-05-0320","shitauke","2013-12-05","2013","","(株)トクスイコーポレーション","","第4条第2項第3号","第4条第2項第3号(不当な経済上の利益の提供要請の禁止)","","","https://www.jftc.go.jp/shitauke/shitaukekankoku/shitaukekankoku25.html"
"shitauke-2013-08-09-0321","shitauke","2013-08-09","2013","","アズワン(株)","","第4条第1項第3号","第4条第1項第3号(減額の禁止)","","","https://www.jftc.go.jp/shitauke/shitaukekankoku/shitaukekankoku25.html"
"dk-2013-07-11-0125","dk","2013-07-11","2013","25（措）10","段ボール用でん粉の製造販売業者","","3条後段","3条後段","","","https://www.jftc.go.jp/dk/ichiran/dkhaijo25.html"
"dk-2013-07-03-0126","dk","2013-07-03","2013","25（措）9","株式会社ラルズ","株式会社ラルズ","19条 / 2条","19条（2条9項5号）","","","https://www.jftc.go.jp/dk/ichiran/dkhaijo25.html"
"shitauke-2013-06-28-0322","shitauke","2013-06-28","2013","","(株)マルショウエンドウ","","第4条第1項第3号","第4条第1項第3号(減額の禁止)","","","https://www.jftc.go.jp/shitauke/shitaukekankoku/shitaukekankoku25.html"
"shitauke-2013-06-27-0323","shitauke","2013-06-27","2013","","(株)ヨークベニマル","","第4条第1項第3号","第4条第1項第3号(減額の禁止)","","","https://www.jftc.go.jp/shitauke/shitaukekankoku/shitaukekankoku25.html"
"dk-2013-06-13-0128","dk","2013-06-13","2013","25（措）7","異性化糖の製造業者ら","","3条後段","3条後段","","","https://www.jftc.go.jp/dk/ichiran/dkhaijo25.html"
"dk-2013-06-13-0127","dk","2013-06-13","2013","25（措）8","水あめ・ぶどう糖の製造業者ら","","3条後段","3条後段","","","https://www.jftc.go.jp/dk/ichiran/dkhaijo25.html"
"shitauke-2013-06-06-0324","shitauke","2013-06-06","2013","","JNC(株)","","第4条第1項第3号","第4条第1項第3号(減額の禁止)","","","https://www.jftc.go.jp/shitauke/shitaukekankoku/shitaukekankoku25.html"
"shitauke-2013-05-21-0325","shitauke","2013-05-21","2013","","三共理化学(株)","","第4条第1項第3号","第4条第1項第3号(減額の禁止)","","","https://www.jftc.go.jp/shitauke/shitaukekankoku/shitaukekankoku25.html"
"shitauke-2013-04-26-0326","shitauke","2013-04-26","2013","","(株)日本旅行","","第4条第1項第3号","第4条第1項第3号(減額の禁止)","","","https://www.jftc.go.jp/shitauke/shitaukekankoku/shitaukekankoku25.html"
"shitauke-2013-04-23-0327","shitauke","2013-04-23","2013","","旭流通システム(株)","","第4条第1項第3号","第4条第1項第3号(減額の禁止)","","","https://www.jftc.go.jp/shitauke/shitaukekankoku/shitaukekankoku25.html"
"shitauke-2013-03-29-0328","shitauke","2013-03-29","2012","","（株）フェリシモ","","第4条第1項第1号","第4条第1項第1号（受領拒否の禁止）","","","https://www.jftc.go.jp/shitauke/shitaukekankoku/sitaukekankoku24.html"
"dk-2013-03-29-0129","dk","2013-03-29","2012","25（措）6","軸受製造販売業者","","3条後段","3条後段","","","https://www.jftc.go.jp/dk/ichiran/dkhaijo24.html"
"dk-2013-03-22-0134","dk","2013-03-22","2012","25（措）1","日産自動車株式会社等が発注するヘッドランプ及びリアコンビネーションランプの見積り合わせの参加業者","日産自動車株式会社等が発注するヘッドランプ及びリアコンビネーションランプの見積り合わせの参加業者","3条後段","3条後段","","","https://www.jftc.go.jp/dk/ichiran/dkhaijo24.html"
"dk-2013-03-22-0133","dk","2013-03-22","2012","25（措）2","トヨタ自動車株式会社が発注するヘッドランプ及びリアコンビネーションランプの見積り合わせの参加業者","トヨタ自動車株式会社が発注するヘッドランプ及びリアコンビネーションランプの見積り合わせの参加業者","3条後段","3条後段","","","https://www.jftc.go.jp/dk/ichiran/dkhaijo24.html"
"dk-2013-03-22-0132","dk","2013-03-22","2012","25（措）3","富士重工業株式会社が発注するヘッドランプ及びリアコンビネーションランプの見積り合わせの参加業者","富士重工業株式会社が発注するヘッドランプ及びリアコンビネーションランプの見積り合わせの参加業者","3条後段","3条後段","","","https://www.jftc.go.jp/dk/ichiran/dkhaijo24.html"
"dk-2013-03-22-0131","dk","2013-03-22","2012","25（措）4","三菱自動車工業株式会社が発注するヘッドランプ及びリアコンビネーションランプの見積り合わせの参加業者","三菱自動車工業株式会社が発注するヘッドランプ及びリアコンビネーションランプの見積り合わせの参加業者","3条後段","3条後段","","","https://www.jftc.go.jp/dk/ichiran/dkhaijo24.html"
"dk-2013-03-22-0130","dk","2013-03-22","2012","25（措）5","マツダ株式会社が発注するヘッドランプ及びリアコンビネーションランプの見積り合わせの参加業者","マツダ株式会社が発注するヘッドランプ及びリアコンビネーションランプの見積り合わせの参加業者","3条後段","3条後段","","","https://www.jftc.go.jp/dk/ichiran/dkhaijo24.html"
"shitauke-2013-02-27-0329","shitauke","2013-02-27","2012","","（株）山櫻","","第4条第1項第3号","第4条第1項第3号(減額の禁止)","","","https://www.jftc.go.jp/shitauke/shitaukekankoku/sitaukekankoku24.html"
"shitauke-2013-02-26-0330","shitauke","2013-02-26","2012","","（株）TBK","","第4条第1項第3号","第4条第1項第3号(減額の禁止)","","","https://www.jftc.go.jp/shitauke/shitaukekankoku/sitaukekankoku24.html"
"shitauke-2013-02-12-0331","shitauke","2013-02-12","2012","","（株）サンゲツ","","第4条第1項第3号 / 第4条第2項第3号","（1）第4条第1項第3号（減額の禁止） （2）第4条第2項第3号（不当な経済上の利益の提供要請の禁止）","","","https://www.jftc.go.jp/shitauke/shitaukekankoku/sitaukekankoku24.html"
"shitauke-2012-12-14-0332","shitauke","2012-12-14","2012","","フジモリ産業（株）","","第4条第1項第3号","第4条第1項第3号（減額の禁止）","","","https://www.jftc.go.jp/shitauke/shitaukekankoku/sitaukekankoku24.html"
"dk-2012-11-22-0143","dk","2012-11-22","2012","24（措）13","本田技研工業株式会社が発注する自動車用オルタネータの見積り合わせの参加業者","本田技研工業株式会社が発注する自動車用オルタネータの見積り合わせの参加業者","3条後段","3条後段","","","https://www.jftc.go.jp/dk/ichiran/dkhaijo24.html"
"dk-2012-11-22-0142","dk","2012-11-22","2012","24（措）14","スズキ株式会社が発注する自動車用オルタネータの見積り合わせの参加業者","スズキ株式会社が発注する自動車用オルタネータの見積り合わせの参加業者","3条後段","3条後段","","","https://www.jftc.go.jp/dk/ichiran/dkhaijo24.html"
"dk-2012-11-22-0141","dk","2012-11-22","2012","24（措）15","本田技研工業株式会社が発注する自動車用スタータの見積り合わせの参加業者","本田技研工業株式会社が発注する自動車用スタータの見積り合わせの参加業者","3条後段","3条後段","","","https://www.jftc.go.jp/dk/ichiran/dkhaijo24.html"
"dk-2012-11-22-0140","dk","2012-11-22","2012","24（措）16","スズキ株式会社が発注する自動車用スタータの見積り合わせの参加業者","スズキ株式会社が発注する自動車用スタータの見積り合わせの参加業者","3条後段","3条後段","","","https://www.jftc.go.jp/dk/ichiran/dkhaijo24.html"
"dk-2012-11-22-0139","dk","2012-11-22","2012","24（措）17","スズキ株式会社が発注する自動車用ワイパシステムの見積り合わせの参加業者","スズキ株式会社が発注する自動車用ワイパシステムの見積り合わせの参加業者","3条後段","3条後段","","","https://www.jftc.go.jp/dk/ichiran/dkhaijo24.html"
"dk-2012-11-22-0138","dk","2012-11-22","2012","24（措）18","日産自動車株式会社等が発注する自動車用ワイパシステムの見積り合わせの参加業者","日産自動車株式会社等が発注する自動車用ワイパシステムの見積り合わせの参加業者","3条後段","3条後段","","","https://www.jftc.go.jp/dk/ichiran/dkhaijo24.html"
"dk-2012-11-22-0137","dk","2012-11-22","2012","24（措）19","富士重工業株式会社が発注する自動車用ワイパシステムの見積り合わせの参加業者","富士重工業株式会社が発注する自動車用ワイパシステムの見積り合わせの参加業者","3条後段","3条後段","","","https://www.jftc.go.jp/dk/ichiran/dkhaijo24.html"
"dk-2012-11-22-0136","dk","2012-11-22","2012","24（措）20","本田技研工業株式会社が発注する自動車用ラジエータ及び電動ファンの見積り合わせの参加業者","本田技研工業株式会社が発注する自動車用ラジエータ及び電動ファンの見積り合わせの参加業者","3条後段","3条後段","","","https://www.jftc.go.jp/dk/ichiran/dkhaijo24.html"
"dk-2012-11-22-0135","dk","2012-11-22","2012","24（措）21","富士重工業株式会社が発注する自動車用ラジエータ及び電動ファンの見積り合わせの参加業者","富士重工業株式会社が発注する自動車用ラジエータ及び電動ファンの見積り合わせの参加業者","3条後段","3条後段","","","https://www.jftc.go.jp/dk/ichiran/dkhaijo24.html"
"shitauke-2012-11-12-0333","shitauke","2012-11-12","2012","","藤久（株）","","第4条第1項第3号","第4条第1項第3号（減額の禁止）","","","https://www.jftc.go.jp/shitauke/shitaukekankoku/sitaukekankoku24.html"
"dk-2012-10-17-0147","dk","2012-10-17","2012","24（措）9","国土交通省四国地方整備局土佐国道事務所が発注する一般土木工事の入札参加業者","","3条後段","3条後段","","","https://www.jftc.go.jp/dk/ichiran/dkhaijo24.html"
"dk-2012-10-17-0146","dk","2012-10-17","2012","24（措）10","国土交通省四国地方整備局高知河川国道事務所が発注する一般土木工事の入札参加業者","","3条後段","3条後段","","","https://www.jftc.go.jp/dk/ichiran/dkhaijo24.html"
"dk-2012-10-17-0145","dk","2012-10-17","2012","24（措）11","国土交通省四国地方整備局高知港湾・空港整備事務所が発注する港湾土木工事の入札参加業者","","3条後段","3条後段","","","https://www.jftc.go.jp/dk/ichiran/dkhaijo24.html"
"dk-2012-10-17-0144","dk","2012-10-17","2012","24（措）12","高知県が発注する土木一式工事の入札参加業者","","3条後段","3条後段","","","https://www.jftc.go.jp/dk/ichiran/dkhaijo24.html"
"shitauke-2012-09-25-0334","shitauke","2012-09-25","2012","","日本生活協同組合連合会","日本生活協同組合連合会","第4条第1項第3号 / 第4条第1項第4号 / 第4条第2項第3号","（1）第4条第1項第3号（減額の禁止） （2）第4条第1項第4号（返品の禁止） （3）第4条第2項第3号（不当な経済上の利益の提供要請の禁止）","","","https://www.jftc.go.jp/shitauke/shitaukekankoku/sitaukekankoku24.html"
"dk-2012-09-24-0148","dk","2012-09-24","2012","24（措）8","EPSブロックの製造業者及び販売業者","","3条後段","3条後段","","","https://www.jftc.go.jp/dk/ichiran/dkhaijo24.html"
"shitauke-2012-09-21-0335","shitauke","2012-09-21","2012","","（株）ニッセン","","第4条第1項第3号 / 第4条第1項第4号 / 第4条第2項第3号","（1）第4条第1項第3号（減額の禁止） （2）第4条第1項第4号（返品の禁止） （3）第4条第2項第3号（不当な経済上の利益の提供要請の禁止）","","","https://www.jftc.go.jp/shitauke/shitaukekankoku/sitaukekankoku24.html"
"shitauke-2012-09-20-0336","shitauke","2012-09-20","2012","","（株）パレモ","","第4条第1項第3号 / 第4条第2項第3号","（1）第4条第1項第3号（減額の禁止） （2）第4条第2項第3号（不当な経済上の利益の提供要請の禁止）","","","https://www.jftc.go.jp/shitauke/shitaukekankoku/sitaukekankoku24.html"
"shitauke-2012-09-07-0337","shitauke","2012-09-07","2012","","（株）ライトオン","","第4条第1項第3号 / 第4条第1項第4号 / 第4条第2項第3号","（1）第4条第1項第3号（減額の禁止） （2）第4条第1項第4号（返品の禁止） （3）第4条第2項第3号（不当な経済上の利益の提供要請の禁止）","","","https://www.jftc.go.jp/shitauke/shitaukekankoku/sitaukekankoku24.html"
"shitauke-2012-07-20-0338","shitauke","2012-07-20","2012","","（株）ジュニアー","","第4条第1項第3号","第4条第1項第3号（減額の禁止）","","","https://www.jftc.go.jp/shitauke/shitaukekankoku/sitaukekankoku24.html"
"shitauke-2012-06-29-0339","shitauke","2012-06-29","2012","","アイリスオーヤマ（株）","","第4条第1項第3号","第4条第1項第3号（減額の禁止）","","","https://www.jftc.go.jp/shitauke/shitaukekankoku/sitaukekankoku24.html"
"shitauke-2012-06-22-0340","shitauke","2012-06-22","2012","","生活協同組合コープさっぽろ","生活協同組合コープさっぽろ","第4条第1項第3号","第4条第1項第3号（減額の禁止）","","","https://www.jftc.go.jp/shitauke/shitaukekankoku/sitaukekankoku24.html"
"shitauke-2012-05-11-0341","shitauke","2012-05-11","2012","","（株）マーナ","","第4条第1項第3号","第4条第1項第3号（減額の禁止）","","","https://www.jftc.go.jp/shitauke/shitaukekankoku/sitaukekankoku24.html"
"shitauke-2012-04-27-0342","shitauke","2012-04-27","2012","","（株）ブルーベル","","第4条第1項第3号","第4条第1項第3号（減額の禁止）","","","https://www.jftc.go.jp/shitauke/shitaukekankoku/sitaukekankoku24.html"
"shitauke-2012-04-24-0343","shitauke","2012-04-24","2012","","（株）コナカ","","第4条第1項第3号","第4条第1項第3号（減額の禁止）","","","https://www.jftc.go.jp/shitauke/shitaukekankoku/sitaukekankoku24.html"
"shitauke-2012-03-30-0344","shitauke","2012-03-30","2011","","トーハツマリーン（株）","","第4条第1項第3号","第4条第1項第3号（減額の禁止）","","","https://www.jftc.go.jp/shitauke/shitaukekankoku/sitaukekankoku23.html"
"shitauke-2012-03-28-0345","shitauke","2012-03-28","2011","","福岡造船（株）","","第4条第1項第3号","第4条第1項第3号（減額の禁止）","","","https://www.jftc.go.jp/shitauke/shitaukekankoku/sitaukekankoku23.html"
"shitauke-2012-03-27-0346","shitauke","2012-03-27","2011","","(株)大創産業","","第4条第1項第3号","第4条第1項第3号（減額の禁止）","","","https://www.jftc.go.jp/shitauke/shitaukekankoku/sitaukekankoku23.html"
"shitauke-2012-03-13-0347","shitauke","2012-03-13","2011","","八木兵(株)","","第4条第1項第3号","第4条第1項第3号（減額の禁止）","","","https://www.jftc.go.jp/shitauke/shitaukekankoku/sitaukekankoku23.html"
"shitauke-2012-03-02-0348","shitauke","2012-03-02","2011","","(株)たち吉","","第4条第1項第1号 / 第4条第1項第3号","（1）第4条第1項第1号（受領拒否の禁止） （2）第4条第1項第3号（減額の禁止）","","","https://www.jftc.go.jp/shitauke/shitaukekankoku/sitaukekankoku23.html"
"dk-2012-03-02-0149","dk","2012-03-02","2011","24（措）7","アディダスジャパン株式会社","アディダスジャパン株式会社","19条 / 2条","19条（2条9項4号）","","","https://www.jftc.go.jp/dk/ichiran/dkhaijo23.html"
"dk-2012-02-16-0150","dk","2012-02-16","2011","24（措）6","株式会社エディオン","株式会社エディオン","19条 / 2条","19条（2条9項5号）","","","https://www.jftc.go.jp/dk/ichiran/dkhaijo23.html"
"shitauke-2012-01-25-0349","shitauke","2012-01-25","2011","","はるやま商事(株)","","第4条第1項第3号 / 第4条第1項第4号","（1）第4条第1項第3号（減額の禁止） （2）第4条第1項第4号（返品の禁止）","","","https://www.jftc.go.jp/shitauke/shitaukekankoku/sitaukekankoku23.html"
"shitauke-2012-01-24-0350","shitauke","2012-01-24","2011","","（株）イヤサカ","","第4条第1項第3号","第4条第1項第3号（減額の禁止）","","","https://www.jftc.go.jp/shitauke/shitaukekankoku/sitaukekankoku23.html"
"dk-2012-01-19-0155","dk","2012-01-19","2011","24（措）1","トヨタ自動車株式会社等が発注する自動車用ワイヤーハーネス及び同関連製品の見積り合わせの参加業者","トヨタ自動車株式会社等が発注する自動車用ワイヤーハーネス及び同関連製品の見積り合わせの参加業者","3条後段","3条後段","","","https://www.jftc.go.jp/dk/ichiran/dkhaijo23.html"
"dk-2012-01-19-0154","dk","2012-01-19","2011","24（措）2","ダイハツ工業株式会社が発注する自動車用ワイヤーハーネスの見積り合わせの参加業者","ダイハツ工業株式会社が発注する自動車用ワイヤーハーネスの見積り合わせの参加業者","3条後段","3条後段","","","https://www.jftc.go.jp/dk/ichiran/dkhaijo23.html"
"dk-2012-01-19-0153","dk","2012-01-19","2011","24（措）3","本田技研工業株式会社が発注する自動車用ワイヤーハーネス及び同関連製品の見積り合わせの参加業者","本田技研工業株式会社が発注する自動車用ワイヤーハーネス及び同関連製品の見積り合わせの参加業者","3条後段","3条後段","","","https://www.jftc.go.jp/dk/ichiran/dkhaijo23.html"
"dk-2012-01-19-0152","dk","2012-01-19","2011","24（措）4","日産自動車株式会社等が発注する自動車用ワイヤーハーネス及び同関連製品の見積り合わせの参加業者","日産自動車株式会社等が発注する自動車用ワイヤーハーネス及び同関連製品の見積り合わせの参加業者","3条後段","3条後段","","","https://www.jftc.go.jp/dk/ichiran/dkhaijo23.html"
"dk-2012-01-19-0151","dk","2012-01-19","2011","24（措）5","富士重工業株式会社が発注する自動車用ワイヤーハーネス及び同関連製品の見積り合わせの参加業者","富士重工業株式会社が発注する自動車用ワイヤーハーネス及び同関連製品の見積り合わせの参加業者","3条後段","3条後段","","","https://www.jftc.go.jp/dk/ichiran/dkhaijo23.html"
"shitauke-2012-01-18-0351","shitauke","2012-01-18","2011","","(株)高山","","第4条第1項第3号","第4条第1項第3号（減額の禁止）","","","https://www.jftc.go.jp/shitauke/shitaukekankoku/sitaukekankoku23.html"
"shitauke-2012-01-13-0352","shitauke","2012-01-13","2011","","(株)チヨダ","","第4条第1項第3号 / 第4条第1項第4号 / 第4条第2項第3号","（1）第4条第1項第3号（減額の禁止） （2）第4条第1項第4号（返品の禁止） （3）第4条第2項第3号（不当な経済上の利益の提供要請の禁止）","","","https://www.jftc.go.jp/shitauke/shitaukekankoku/sitaukekankoku23.html"
"shitauke-2011-12-21-0353","shitauke","2011-12-21","2011","","(株)サンエス","","第4条第1項第3号 / 第4条第2項第1号","第4条第1項第3号（減額の禁止） 第4条第2項第1号（有償支給原材料等の対価の早期決済の禁止）","","","https://www.jftc.go.jp/shitauke/shitaukekankoku/sitaukekankoku23.html"
"dk-2011-12-21-0156","dk","2011-12-21","2011","23（措）15","新潟市等に所在するタクシー事業者","","3条後段","3条後段","","","https://www.jftc.go.jp/dk/ichiran/dkhaijo23.html"
"dk-2011-12-20-0157","dk","2011-12-20","2011","23（措）14","LPガス供給機器の製造業者","","3条後段","3条後段","","","https://www.jftc.go.jp/dk/ichiran/dkhaijo23.html"
"dk-2011-12-13-0158","dk","2011-12-13","2011","23（措）13","日本トイザらス株式会社","日本トイザらス株式会社","19条 / 2条","19条（2条9項5号）","","","https://www.jftc.go.jp/dk/ichiran/dkhaijo23.html"
"shitauke-2011-12-07-0354","shitauke","2011-12-07","2011","","（株）協和","","第4条第1項第3号","第4条第1項第3号（減額の禁止）","","","https://www.jftc.go.jp/shitauke/shitaukekankoku/sitaukekankoku23.html"
"shitauke-2011-10-14-0355","shitauke","2011-10-14","2011","","(株)タカキュー","","第4条第1項第3号 / 第4条第1項第4号 / 第4条第2項第3号","（1）第4条第1項第3号（減額の禁止） （2）第4条第1項第4号（返品の禁止） （3）第4条第2項第3号（不当な経済上の利益の提供要請の禁止）","","","https://www.jftc.go.jp/shitauke/shitaukekankoku/sitaukekankoku23.html"
"dk-2011-10-06-0160","dk","2011-10-06","2011","23（措）11","石川県が発注する土木一式工事の入札参加業者","","3条後段","3条後段","","","https://www.jftc.go.jp/dk/ichiran/dkhaijo23.html"
"dk-2011-10-06-0159","dk","2011-10-06","2011","23（措）12","石川県輪島市が発注する土木一式工事の入札参加業者","","3条後段","3条後段","","","https://www.jftc.go.jp/dk/ichiran/dkhaijo23.html"
"shitauke-2011-09-30-0356","shitauke","2011-09-30","2011","","王子運送(株)","","第4条第1項第3号","第4条第1項第3号（減額の禁止）","","","https://www.jftc.go.jp/shitauke/shitaukekankoku/sitaukekankoku23.html"
"shitauke-2011-09-27-0358","shitauke","2011-09-27","2011","","木下工業（株）","","第4条第1項第3号","第4条第1項第3号（減額の禁止）","","","https://www.jftc.go.jp/shitauke/shitaukekankoku/sitaukekankoku23.html"
"shitauke-2011-09-27-0357","shitauke","2011-09-27","2011","","郵船ロジスティクス（株）","","第4条第1項第3号","第4条第1項第3号（減額の禁止）","","","https://www.jftc.go.jp/shitauke/shitaukekankoku/sitaukekankoku23.html"
"dk-2011-08-04-0163","dk","2011-08-04","2011","23（措）8","茨城県境土地改良事務所が発注する土木一式工事の入札参加業者ら","","3条後段","3条後段","","","https://www.jftc.go.jp/dk/ichiran/dkhaijo23.html"
"dk-2011-08-04-0162","dk","2011-08-04","2011","23（措）9","茨城県境工事事務所が発注する舗装工事の入札参加業者ら","","3条後段","3条後段","","","https://www.jftc.go.jp/dk/ichiran/dkhaijo23.html"
"dk-2011-08-04-0161","dk","2011-08-04","2011","23（措）10","茨城県境工事事務所が発注する土木一式工事の入札参加業者ら","","3条後段","3条後段","","","https://www.jftc.go.jp/dk/ichiran/dkhaijo23.html"
"shitauke-2011-07-26-0359","shitauke","2011-07-26","2011","","（株）ケーヒン","","第4条第1項第3号","第4条第1項第3号（減額の禁止）","","","https://www.jftc.go.jp/shitauke/shitaukekankoku/sitaukekankoku23.html"
"dk-2011-07-22-0164","dk","2011-07-22","2011","23（措）7","VVFケーブルの製造業者及び販売業者","","3条後段","3条後段","","","https://www.jftc.go.jp/dk/ichiran/dkhaijo23.html"
"shitauke-2011-06-29-0360","shitauke","2011-06-29","2011","","生活協同組合連合会コープ中国四国事業連合","生活協同組合連合会コープ中国四国事業連合","第4条第1項第3号 / 第4条第2項第3号","第4条第1項第3号（減額の禁止） 第4条第2項第3号（不当な経済上の利益の提供要請の禁止）","","","https://www.jftc.go.jp/shitauke/shitaukekankoku/sitaukekankoku23.html"
"dk-2011-06-24-0165","dk","2011-06-24","2011","23（措）6","LPガス容器の製造業者ら","","3条後段","3条後段","","","https://www.jftc.go.jp/dk/ichiran/dkhaijo23.html"
"dk-2011-06-22-0166","dk","2011-06-22","2011","23（措）5","株式会社山陽マルナカ","株式会社山陽マルナカ","19条","19条","","","https://www.jftc.go.jp/dk/ichiran/dkhaijo23.html"
"dk-2011-06-09-0167","dk","2011-06-09","2011","23（措）4","株式会社ディー・エヌ・エー","株式会社ディー・エヌ・エー","19条 / 一般指定14項","19条（一般指定14項）","","","https://www.jftc.go.jp/dk/ichiran/dkhaijo23.html"
"dk-2011-05-26-0168","dk","2011-05-26","2011","23（措）3","エアセパレートガスの製造業者及び販売業者","","3条後段","3条後段","","","https://www.jftc.go.jp/dk/ichiran/dkhaijo23.html"
"shitauke-2011-04-20-0361","shitauke","2011-04-20","2011","","センコー（株）","","第4条第1項第3号","第4条第1項第3号（減額の禁止）","","","https://www.jftc.go.jp/shitauke/shitaukekankoku/sitaukekankoku23.html"
"dk-2011-04-15-0170","dk","2011-04-15","2011","23（措）1","山梨県が峡東地域を施工場所として発注する土木一式工事の入札参加業者","","3条後段","3条後段","","","https://www.jftc.go.jp/dk/ichiran/dkhaijo23.html"
"dk-2011-04-15-0169","dk","2011-04-15","2011","23（措）2","山梨県が峡東地域を施工場所として発注する土木一式工事の入札参加業者","","3条後段","3条後段","","","https://www.jftc.go.jp/dk/ichiran/dkhaijo23.html"
"dk-2010-12-01-0171","dk","2010-12-01","2010","22（措）20","ジョンソン・エンド・ジョンソン株式会社","ジョンソン・エンド・ジョンソン株式会社","19条 / 一般指定12項 / 一般指定13項","19条（一般指定12項，平成21年改正前の一般指定13項）","","","https://www.jftc.go.jp/dk/ichiran/dkhaijo22.html"
"dk-2010-11-18-0173","dk","2010-11-18","2010","22（措）18","鹿児島県が発注する海上工事の入札等の参加業者","","3条後段","3条後段","","","https://www.jftc.go.jp/dk/ichiran/dkhaijo22.html"
"dk-2010-11-18-0172","dk","2010-11-18","2010","22（措）19","建設・電販向け電線の製造業者及び販売業者","","3条後段","3条後段","","","https://www.jftc.go.jp/dk/ichiran/dkhaijo22.html"
"dk-2010-07-30-0174","dk","2010-07-30","2010","22（措）17","ロイヤルホームセンター株式会社","ロイヤルホームセンター株式会社","19条","19条（大規模小売業告示1項及び7項）","","","https://www.jftc.go.jp/dk/ichiran/dkhaijo22.html"
"dk-2010-06-09-0176","dk","2010-06-09","2010","22（措）15","シャッターの製造業者","","3条後段","3条後段","","","https://www.jftc.go.jp/dk/ichiran/dkhaijo22.html"
"dk-2010-06-09-0175","dk","2010-06-09","2010","22（措）16","シャッターの製造業者ら","","3条後段","3条後段","","","https://www.jftc.go.jp/dk/ichiran/dkhaijo22.html"
"dk-2010-05-21-0180","dk","2010-05-21","2010","22（措）11","光ファイバケーブル製品の製造業者","","3条後段","3条後段","","","https://www.jftc.go.jp/dk/ichiran/dkhaijo22.html"
"dk-2010-05-21-0179","dk","2010-05-21","2010","22（措）12","光ファイバケーブル製品の製造業者","","3条後段","3条後段","","","https://www.jftc.go.jp/dk/ichiran/dkhaijo22.html"
"dk-2010-05-21-0178","dk","2010-05-21","2010","22（措）13","光ファイバケーブル製品の製造業者","","3条後段","3条後段","","","https://www.jftc.go.jp/dk/ichiran/dkhaijo22.html"
"dk-2010-05-21-0177","dk","2010-05-21","2010","22（措）14","光ファイバケーブル製品の製造業者","","3条後段","3条後段","","","https://www.jftc.go.jp/dk/ichiran/dkhaijo22.html"
"dk-2010-04-22-0181","dk","2010-04-22","2010","22（措）10","青森市が発注する土木一式工事の入札参加業者","","3条後段","3条後段","","","https://www.jftc.go.jp/dk/ichiran/dkhaijo22.html"
"dk-2010-04-09-0182","dk","2010-04-09","2010","22（措）9","川崎市が発注する下水管きょ工事の入札参加業者","","3条後段","3条後段","","","https://www.jftc.go.jp/dk/ichiran/dkhaijo22.html"
